School ID,School Name,Borough,Building Code,Street Address,City,State,Zip Code,Latitude,Longitude,Phone Number,Start Time,End Time,Student Enrollment,Percent White,Percent Black,Percent Hispanic,Percent Asian,Average Score (SAT Math),Average Score (SAT Reading),Average Score (SAT Writing),Percent Tested,Average Score
01M539,"New Explorations into Science, Technology and Math High School",Manhattan,M022,111 Columbia Street,Manhattan,NY,10002,40.71873,-73.97943,212-677-5190,8:15 AM,4:00 PM,1735.0,28.6,13.3,18.0,38.5,657.0,601.0,601.0,91.0%,1859
02M294,Essex Street Academy,Manhattan,M445,350 Grand Street,Manhattan,NY,10002,40.71687,-73.98953,212-475-4773,8:00 AM,2:45 PM,358.0,11.7,38.5,41.3,5.9,395.0,411.0,387.0,78.9%,1193
02M308,Lower Manhattan Arts Academy,Manhattan,M445,350 Grand Street,Manhattan,NY,10002,40.71687,-73.98953,212-505-0143,8:30 AM,3:00 PM,383.0,3.1,28.2,56.9,8.6,418.0,428.0,415.0,65.1%,1261
02M545,High School for Dual Language and Asian Studies,Manhattan,M445,350 Grand Street,Manhattan,NY,10002,40.71687,-73.98953,212-475-4097,8:00 AM,3:35 PM,416.0,1.7,3.1,5.5,88.9,613.0,453.0,463.0,95.9%,1529
01M292,Henry Street School for International Studies,Manhattan,M056,220 Henry Street,Manhattan,NY,10002,40.71376,-73.98526,212-406-9411,8:30 AM,3:30 PM,255.0,3.9,24.4,56.6,13.2,410.0,406.0,381.0,59.7%,1197
01M696,Bard High School Early College,Manhattan,M097,525 East Houston Street,Manhattan,NY,10002,40.71896,-73.97607,212-995-8479,9:00 AM,3:50 PM,545.0,45.3,17.2,18.7,17.1,634.0,641.0,639.0,70.8%,1914
02M305,Urban Assembly Academy of Government and Law,Manhattan,M445,350 Grand Street,Manhattan,NY,10002,40.71687,-73.98953,212-505-0745,8:32 AM,3:45 PM,329.0,2.7,41.9,49.2,5.8,389.0,395.0,381.0,80.8%,1165
01M509,Marta Valle High School,Manhattan,M025,145 Stanton Street,Manhattan,NY,10002,40.72057,-73.98567,212-473-8152,8:00 AM,3:30 PM,363.0,2.5,39.9,51.2,5.8,438.0,413.0,394.0,35.6%,1245
01M448,University Neighborhood High School,Manhattan,M446,200 Monroe Street,Manhattan,NY,10002,40.71233,-73.9848,212-962-4341,8:15 AM,3:15 PM,304.0,3.3,25.0,41.1,29.9,437.0,355.0,352.0,69.9%,1144
02M543,New Design High School,Manhattan,M445,350 Grand Street,Manhattan,NY,10002,40.71687,-73.98953,212-475-4148,8:40 AM,2:56 PM,441.0,3.9,30.8,56.9,5.9,381.0,396.0,372.0,73.7%,1149
02M298,Pace High School,Manhattan,M131,100 Hester Street,Manhattan,NY,10002,40.71641,-73.99268,212-334-4663,9:00 AM,3:15 PM,423.0,1.9,28.1,45.4,13.7,430.0,435.0,427.0,87.8%,1292
02M420,High School for Health Professions and Human Services,Manhattan,M475,345 East 15th Street,Manhattan,NY,10003,40.73249,-73.98305,212-780-9175,9:00 AM,3:45 PM,1664.0,7.3,18.9,50.9,22.4,452.0,445.0,430.0,86.9%,1327
02M399,High School for Language and Diplomacy,Manhattan,M460,40 Irving Place,Manhattan,NY,10003,40.73552,-73.9876,212-253-2480,8:00 AM,3:30 PM,437.0,5.7,20.4,40.3,31.1,446.0,433.0,411.0,70.2%,1290
02M438,International High School at Union Square,Manhattan,M460,40 Irving Place,Manhattan,NY,10003,40.73552,-73.9876,212-533-2560,8:45 AM,3:05 PM,353.0,9.9,14.2,45.3,30.6,403.0,330.0,316.0,53.2%,1049
02M407,Institute for Collaborative Education,Manhattan,M475,345 East 15th Street,Manhattan,NY,10003,40.73249,-73.98305,212-475-7972,8:00 AM,3:00 PM,482.0,56.5,14.1,14.9,5.8,501.0,550.0,541.0,78.6%,1592
02M374,Gramercy Arts High School,Manhattan,M460,40 Irving Place,Manhattan,NY,10003,40.73552,-73.9876,212-253-7076,8:15 AM,3:30 PM,530.0,5.8,42.5,44.2,3.6,446.0,459.0,455.0,79.6%,1360
02M551,Urban Assembly New York Harbor School,Manhattan,M877,550 Wheeler Avenue,Manhattan,NY,10004,40.69079,-74.01976,212-458-0800,8:15 AM,4:00 PM,447.0,18.8,23.7,51.7,2.9,446.0,453.0,428.0,78.8%,1327
02M580,Richard R. Green High School of Teaching,Manhattan,M282,26 Broadway,Manhattan,NY,10004,40.70523,-74.01332,646-826-8174,8:30 AM,3:20 PM,566.0,2.7,31.1,58.8,6.2,411.0,415.0,409.0,60.0%,1235
02M418,Millennium High School,Manhattan,M824,75 Broad Street,Manhattan,NY,10004,40.70492,-74.01151,212-825-9008,8:30 AM,3:00 PM,659.0,32.8,7.6,18.2,38.4,577.0,560.0,567.0,94.0%,1704
02M316,Urban Assembly School of Business for Young Women,Manhattan,M282,26 Broadway,Manhattan,NY,10004,40.70523,-74.01332,212-668-0169,8:35 AM,3:30 PM,405.0,2.2,52.8,39.3,3.5,418.0,420.0,417.0,75.0%,1255
02M489,High School of Economics and Finance,Manhattan,M833,100 Trinity Place,Manhattan,NY,10006,40.70922,-74.01203,212-346-0708,8:30 AM,3:30 PM,796.0,7.2,22.9,47.1,21.7,469.0,442.0,447.0,66.8%,1358
02M425,Leadership and Public Service High School,Manhattan,M894,90 Trinity Place,Manhattan,NY,10006,40.70915,-74.01208,212-346-0007,8:30 AM,2:45 PM,699.0,4.4,27.9,61.9,3.9,390.0,396.0,392.0,54.9%,1178
01M450,East Side Community School,Manhattan,M060,420 East 12th Street,Manhattan,NY,10009,40.72978,-73.98304,212-460-8467,8:30 AM,3:30 PM,666.0,8.3,22.1,57.9,9.4,454.0,428.0,445.0,85.2%,1327
02M411,Baruch College Campus High School,Manhattan,M874,55 East 25th Street,Manhattan,NY,10010,40.74405,-73.99148,212-683-7440,8:20 AM,2:50 PM,451.0,22.8,6.2,14.9,54.8,592.0,526.0,531.0,94.3%,1649
02M413,School of the Future High School,Manhattan,M660,127 East 22nd Street,Manhattan,NY,10010,40.73895,-73.98541,212-475-8086,8:35 AM,3:10 PM,713.0,35.9,11.7,30.4,14.4,534.0,533.0,522.0,89.9%,1589
02M439,Manhattan Village Academy,Manhattan,M873,43 West 22nd Street,Manhattan,NY,10010,40.74149,-73.99145,212-242-8752,8:00 AM,3:20 PM,415.0,7.2,9.6,67.2,7.2,522.0,479.0,510.0,98.8%,1511
02M412,NYC Lab School for Collaborative Studies,Manhattan,M070,333 West 17th Street,Manhattan,NY,10011,40.7421,-74.00207,212-691-6119,8:00 AM,2:50 PM,587.0,46.0,6.0,15.5,27.6,595.0,550.0,555.0,79.8%,1700
02M437,Hudson High School of Learning Technologies,Manhattan,M440,351 West 18th Street,Manhattan,NY,10011,40.74289,-74.00213,212-488-3330,8:45 AM,3:30 PM,483.0,3.3,29.2,59.4,6.4,378.0,407.0,388.0,71.8%,1173
02M392,Manhattan Business Academy,Manhattan,M440,351 West 18th Street,Manhattan,NY,10011,40.74289,-74.00213,212-647-1983,8:30 AM,3:15 PM,438.0,3.9,28.1,62.1,3.4,410.0,407.0,399.0,69.7%,1216
02M419,Landmark High School,Manhattan,M440,351 West 18th Street,Manhattan,NY,10011,40.74289,-74.00213,212-647-7410,8:45 AM,3:20 PM,355.0,1.7,24.2,68.5,3.7,386.0,386.0,386.0,30.6%,1158
02M600,High School of Fashion Industries,Manhattan,M600,225 West 24th Street,Manhattan,NY,10011,40.74511,-73.99591,212-255-1235,8:00 AM,3:45 PM,1770.0,3.8,36.3,53.8,5.0,433.0,442.0,427.0,80.6%,1302
02M414,NYC Museum School,Manhattan,M070,333 West 17th Street,Manhattan,NY,10011,40.7421,-74.00207,212-675-6206,8:15 AM,2:45 PM,471.0,12.1,12.7,39.7,34.2,560.0,530.0,522.0,90.0%,1612
02M615,Chelsea Career and Technical Education High School,Manhattan,M615,131 Avenue of the Americas,Manhattan,NY,10013,40.72435,-74.00476,212-925-1080,8:30 AM,4:00 PM,439.0,3.2,28.9,57.4,8.2,439.0,418.0,400.0,80.4%,1257
02M376,NYC iSchool,Manhattan,M615,131 Avenue of the Americas,Manhattan,NY,10013,40.72435,-74.00476,917-237-7300,9:00 AM,4:00 PM,442.0,28.7,19.9,39.8,8.6,518.0,515.0,503.0,96.0%,1536
02M427,Manhattan Academy for Arts and Language,Manhattan,M620,111 East 33rd Street,Manhattan,NY,10016,40.74611,-73.98101,212-576-0502,9:00 AM,3:40 PM,334.0,1.5,4.8,91.3,2.4,350.0,334.0,321.0,46.1%,1005
02M500,Unity Center for Urban Technologies,Manhattan,M620,111 East 33rd Street,Manhattan,NY,10016,40.74611,-73.98101,212-576-0530,8:15 AM,4:00 PM,284.0,4.9,27.5,58.8,6.0,375.0,385.0,387.0,62.8%,1147
02M393,Business of Sports School,Manhattan,M625,439 West 49th Street,Manhattan,NY,10019,40.76336,-73.99051,212-246-2183,8:50 AM,3:30 PM,449.0,1.6,35.4,59.5,2.2,395.0,386.0,371.0,67.5%,1152
02M303,Facing History School,Manhattan,M535,525 West 50th Street,Manhattan,NY,10019,40.76503,-73.99252,212-757-2680,8:35 AM,3:00 PM,406.0,2.2,27.3,67.5,1.7,366.0,356.0,371.0,57.3%,1093
02M296,High School of Hospitality Management,Manhattan,M535,525 West 50th Street,Manhattan,NY,10019,40.76503,-73.99252,212-586-1819,9:00 AM,3:45 PM,424.0,1.7,21.0,71.2,5.0,451.0,433.0,424.0,56.2%,1308
02M300,Urban Assembly School of Design and Construction,Manhattan,M535,525 West 50th Street,Manhattan,NY,10019,40.76503,-73.99252,212-586-0981,8:00 AM,3:15 PM,414.0,3.4,29.5,59.2,6.0,445.0,417.0,403.0,60.6%,1265
02M400,High School for Environmental Studies,Manhattan,M834,444 West 56th Street,Manhattan,NY,10019,40.76776,-73.98751,212-262-8113,8:15 AM,3:00 PM,1301.0,6.6,14.7,62.9,15.1,469.0,454.0,444.0,74.0%,1367
02M630,Art and Design High School,Manhattan,M488,231-249 East 56th Street,Manhattan,NY,10019,40.7654,-73.98177,212-752-4340,8:30 AM,4:00 PM,1476.0,10.8,24.1,54.7,8.5,455.0,475.0,458.0,70.1%,1388
02M542,Manhattan Bridges High School,Manhattan,M535,525 West 50th Street,Manhattan,NY,10019,40.76503,-73.99252,212-757-5274,8:00 AM,3:45 PM,529.0,0.0,0.0,100.0,0.0,409.0,360.0,347.0,84.4%,1116
02M507,Urban Assembly Gateway School for Technology,Manhattan,M625,439 West 49th Street,Manhattan,NY,10019,40.76336,-73.99051,212-246-1041,8:00 AM,3:30 PM,472.0,5.7,30.3,53.8,7.8,445.0,432.0,415.0,78.4%,1292
02M288,Food and Finance High School,Manhattan,M535,525 West 50th Street,Manhattan,NY,10019,40.76503,-73.99252,212-586-2943,7:40 AM,2:30 PM,427.0,3.0,39.6,52.2,4.7,428.0,435.0,421.0,52.0%,1284
02M416,Eleanor Roosevelt High School,Manhattan,M855,411 East 76th Street,Manhattan,NY,10021,40.77012,-73.95338,212-772-1220,8:30 AM,3:30 PM,541.0,61.4,4.4,10.9,20.1,641.0,617.0,631.0,86.0%,1889
03M299,"High School for Arts, Imagination, and Inquiry",Manhattan,M490,122 Amsterdam Avenue,Manhattan,NY,10023,40.7743,-73.98482,212-799-4064,8:45 AM,3:26 PM,447.0,0.9,38.5,58.8,0.4,375.0,389.0,380.0,58.8%,1144
03M307,Urban Assembly School for Media Studies,Manhattan,M490,122 Amsterdam Avenue,Manhattan,NY,10023,40.7743,-73.98482,212-501-1110,9:00 AM,3:15 PM,412.0,1.7,36.4,57.8,1.9,392.0,419.0,396.0,49.5%,1207
03M479,Beacon High School,Manhattan,M837,227-243 West 61st Street,Manhattan,NY,10023,40.77216,-73.9878,212-245-2807,8:00 AM,3:00 PM,1285.0,51.8,13.7,23.8,8.9,583.0,586.0,595.0,82.8%,1764
03M485,Fiorello H. LaGuardia High School of Music and Art and Performing Arts,Manhattan,M485,100 Amsterdam Avenue,Manhattan,NY,10023,40.77367,-73.98527,212-496-0700,8:00 AM,4:00 PM,2635.0,45.3,11.3,19.4,19.4,592.0,592.0,597.0,88.5%,1781
03M494,High School of Arts and Technology,Manhattan,M490,122 Amsterdam Avenue,Manhattan,NY,10023,40.7743,-73.98482,212-501-1198,8:00 AM,2:45 PM,594.0,2.9,32.5,59.3,3.9,421.0,428.0,406.0,44.4%,1255
03M541,Manhattan / Hunter Science High School,Manhattan,M490,122 Amsterdam Avenue,Manhattan,NY,10023,40.7743,-73.98482,212-501-1235,8:00 AM,2:30 PM,451.0,13.1,16.4,37.9,25.9,581.0,531.0,535.0,97.2%,1647
03M492,"High School for Law, Advocacy, and Community Justice",Manhattan,M490,122 Amsterdam Avenue,Manhattan,NY,10023,40.7743,-73.98482,212-501-1201,8:00 AM,2:45 PM,510.0,2.2,42.0,52.7,2.4,415.0,417.0,402.0,60.5%,1234
03M402,Urban Assembly School for Green Careers,Manhattan,M470,145 West 84th Street,Manhattan,NY,10024,40.78574,-73.97442,212-787-1189,8:30 AM,3:30 PM,353.0,2.8,23.2,72.0,1.1,393.0,371.0,378.0,60.0%,1142
03M417,Frank McCourt High School,Manhattan,M470,145 West 84th Street,Manhattan,NY,10024,40.78574,-73.97442,212-362-2015,8:40 AM,3:00 PM,387.0,31.8,15.8,40.1,8.8,489.0,491.0,500.0,89.1%,1480
03M403,Global Learning Collaborative,Manhattan,M470,145 West 84th Street,Manhattan,NY,10024,40.78574,-73.97442,212-877-1103,8:30 AM,3:30 PM,496.0,5.4,25.0,66.3,2.4,406.0,407.0,413.0,59.4%,1226
03M415,Wadleigh Secondary School for the Performing and Visual Arts,Manhattan,M088,215 West 114th Street,Manhattan,NY,10026,40.80217,-73.95401,212-749-5800,8:00 AM,3:45 PM,445.0,1.0,52.0,44.2,1.8,381.0,401.0,392.0,52.6%,1174
03M860,Frederick Douglass Academy II Secondary School,Manhattan,M088,215 West 114th Street,Manhattan,NY,10026,40.80217,-73.95401,212-865-9260,8:00 AM,3:00 PM,411.0,1.9,67.8,26.3,2.2,390.0,384.0,373.0,63.8%,1147
05M362,Columbia Secondary School,Manhattan,M125,425 West 123rd Street,Manhattan,NY,10027,40.81092,-73.95693,212-666-1278,8:00 AM,4:00 PM,659.0,14.8,22.0,48.1,13.7,583.0,561.0,546.0,88.2%,1690
05M367,Academy for Social Action (College Board),Manhattan,M043,509 West 129th Street,Manhattan,NY,10027,40.81523,-73.9552,212-234-3102,8:35 AM,3:45 PM,234.0,2.8,46.5,49.3,0.5,357.0,349.0,365.0,54.0%,1071
05M369,Urban Assembly School for the Performing Arts,Manhattan,M043,509 West 129th Street,Manhattan,NY,10027,40.81523,-73.9552,212-234-4631,8:15 AM,3:15 PM,358.0,1.4,52.2,43.0,0.8,379.0,399.0,388.0,76.7%,1166
04M680,Heritage School,Manhattan,M107,1680 Lexington Avenue,Manhattan,NY,10029,40.79188,-73.94659,212-828-2858,8:30 AM,3:39 PM,322.0,1.9,32.3,63.7,1.2,385.0,380.0,370.0,56.8%,1135
04M555,Central Park East High School,Manhattan,M013,1573 Madison Avenue,Manhattan,NY,10029,40.79368,-73.94942,212-860-5929,8:30 AM,3:20 PM,466.0,3.9,24.5,63.3,7.3,483.0,468.0,439.0,97.9%,1390
04M495,Park East High School,Manhattan,M495,230 East 105th Street,Manhattan,NY,10029,40.79056,-73.94445,212-831-1517,8:45 AM,3:15 PM,413.0,1.7,27.6,63.7,4.8,429.0,433.0,435.0,89.6%,1297
04M610,Young Women's Leadership School,Manhattan,M895,105 East 106th Street,Manhattan,NY,10029,40.79271,-73.9473,212-289-7593,8:45 AM,3:15 PM,480.0,3.4,27.9,57.4,8.9,478.0,465.0,472.0,100.0%,1415
04M435,Manhattan Center for Science and Mathematics,Manhattan,M435,260 Pleasant Avenue,Manhattan,NY,10029,40.79374,-73.93408,212-876-4639,8:15 AM,2:40 PM,1603.0,4.2,20.9,54.1,19.2,556.0,505.0,495.0,87.6%,1556
05M304,Mott Hall High School,Manhattan,M136,6 Edgecombe Avenue,Manhattan,NY,10030,40.81736,-73.94771,212-694-6020,8:00 AM,3:30 PM,428.0,0.7,38.3,59.1,0.9,416.0,445.0,440.0,36.9%,1301
05M670,Thurgood Marshall Academy for Learning and Social Change,Manhattan,M970,200-214 West 135th Street,Manhattan,NY,10030,40.81536,-73.9439,212-283-8055,8:30 AM,3:00 PM,561.0,0.8,77.6,19.6,1.3,402.0,394.0,400.0,84.7%,1196
05M692,"High School for Mathematics, Science, and Engineering at City College",Manhattan,M812,240 Convent Avenue,Manhattan,NY,10031,40.82112,-73.94885,212-281-6490,8:00 AM,3:35 PM,470.0,26.8,9.6,21.7,38.5,683.0,610.0,596.0,92.6%,1889
06M540,A. Philip Randolph Campus High School,Manhattan,M540,443 West 135th Street,Manhattan,NY,10031,40.81832,-73.95061,212-926-0113,8:00 AM,2:20 PM,1354.0,1.7,32.0,59.7,4.9,459.0,453.0,447.0,74.0%,1359
06M552,Gregorio Luperon High School for Science and Mathematics,Manhattan,M876,501 West 165th Street,Manhattan,NY,10032,40.83803,-73.93837,212-928-1202,8:00 AM,3:30 PM,504.0,0.0,0.0,100.0,0.0,383.0,355.0,352.0,71.0%,1090
06M346,Community Health Academy of the Heights,Manhattan,M814,504 West 158th Street,Manhattan,NY,10032,40.83356,-73.9418,212-342-6600,8:15 AM,3:00 PM,629.0,2.7,4.9,91.8,0.0,387.0,389.0,385.0,55.3%,1161
06M348,Washington Heights Expeditionary Learning School,Manhattan,M143,511 West 182nd Street,Manhattan,NY,10033,40.84888,-73.93081,212-781-0524,8:00 AM,3:00 PM,705.0,0.5,3.8,94.8,0.3,443.0,423.0,434.0,87.0%,1300
04M409,Coalition School for Social Change,Manhattan,M045,2351 1st Avenue,Manhattan,NY,10035,40.79887,-73.93337,212-831-5153,8:45 AM,3:30 PM,283.0,3.5,41.0,50.2,4.2,344.0,368.0,367.0,40.5%,1079
02M531,Repertory Company High School for Theatre Arts,Manhattan,M896,123 West 43rd Street,Manhattan,NY,10036,40.75594,-73.98457,212-382-1875,8:15 AM,3:30 PM,246.0,8.5,37.4,50.4,1.6,425.0,451.0,458.0,89.5%,1334
02M408,Professional Performing Arts High School,Manhattan,M017,328 West 48th Street,Manhattan,NY,10036,40.76143,-73.98802,212-247-8652,8:15 AM,3:30 PM,536.0,42.9,26.2,22.3,2.5,496.0,520.0,516.0,72.2%,1532
02M529,Jacqueline Kennedy Onassis High School,Manhattan,M486,120 West 46th Street,Manhattan,NY,10036,40.75776,-73.98319,212-391-0041,8:00 AM,3:00 PM,676.0,3.6,21.3,70.1,4.0,418.0,422.0,415.0,53.8%,1255
02M520,Murry Bergtraum High School for Business Careers,Manhattan,M520,411 Pearl Street,Manhattan,NY,10038,40.71068,-74.00081,212-964-9610,8:00 AM,3:00 PM,971.0,3.0,46.1,40.7,8.9,418.0,415.0,398.0,44.3%,1231
05M499,Frederick Douglass Academy,Manhattan,M010,2581 7th Avenue,Manhattan,NY,10039,40.82431,-73.93698,212-491-4107,8:00 AM,3:00 PM,1428.0,1.4,70.4,23.2,1.7,463.0,452.0,450.0,65.1%,1365
06M463,High School for Media and Communications,Manhattan,M465,549 Audubon Avenue,Manhattan,NY,10040,40.85594,-73.92703,212-927-1841,8:00 AM,3:45 PM,479.0,1.3,13.8,82.5,1.9,378.0,381.0,383.0,33.0%,1142
06M462,College Academy,Manhattan,M465,549 Audubon Avenue,Manhattan,NY,10040,40.85594,-73.92703,212-927-1841,8:00 AM,3:45 PM,491.0,0.6,9.0,89.2,0.2,367.0,377.0,363.0,41.9%,1107
06M467,High School for Law and Public Service,Manhattan,M465,549 Audubon Avenue,Manhattan,NY,10040,40.85594,-73.92703,212-342-6130,8:00 AM,3:45 PM,671.0,1.6,16.8,80.8,0.4,401.0,394.0,381.0,44.1%,1176
06M293,City College Academy of the Arts,Manhattan,M218,4600 Broadway,Manhattan,NY,10040,40.86111,-73.93045,212-567-3164,8:15 AM,4:00 PM,587.0,1.2,3.8,94.1,0.9,495.0,445.0,450.0,95.3%,1390
06M468,High School for Health Careers and Sciences,Manhattan,M465,549 Audubon Avenue,Manhattan,NY,10040,40.85594,-73.92703,212-927-1841,8:00 AM,3:45 PM,605.0,1.5,15.9,79.8,1.3,374.0,385.0,389.0,56.2%,1148
02M459,Manhattan International High School,Manhattan,M480,317 East 67th Street,Manhattan,NY,10065,40.76545,-73.96021,212-517-6728,8:45 AM,3:05 PM,343.0,12.2,16.6,41.1,29.4,438.0,358.0,382.0,58.6%,1178
02M519,Talent Unlimited High School,Manhattan,M480,317 East 67th Street,Manhattan,NY,10065,40.76545,-73.96021,212-737-1530,8:10 AM,3:20 PM,506.0,20.4,33.4,39.9,4.9,485.0,498.0,496.0,89.3%,1479
02M449,Vanguard High School,Manhattan,M480,317 East 67th Street,Manhattan,NY,10065,40.76545,-73.96021,212-517-5175,8:00 AM,3:00 PM,486.0,4.7,27.4,57.0,7.6,431.0,409.0,396.0,63.8%,1236
02M655,Life Sciences Secondary School,Manhattan,M645,320 East 96th Street,Manhattan,NY,10128,40.78364,-73.94574,212-348-1694,8:00 AM,3:00 PM,697.0,3.2,28.3,62.2,4.3,435.0,440.0,425.0,63.0%,1300
02M475,Stuyvesant High School,Manhattan,M477,345 Chambers Street,Manhattan,NY,10282,40.71775,-74.01405,212-312-4800,8:00 AM,3:30 PM,3296.0,20.4,0.8,2.6,73.4,754.0,697.0,693.0,97.4%,2144
31R600,Ralph R. McKee Career and Technical Education High School,Staten Island,R600,290 St Marks Place,Staten Island,NY,10301,40.64274,-74.07871,718-420-2600,8:00 AM,3:00 PM,624.0,19.7,30.8,42.5,4.8,420.0,429.0,409.0,38.0%,1258
31R080,Michael J. Petrides School,Staten Island,R880,715 Ocean Terrace,Staten Island,NY,10301,40.60745,-74.10148,718-815-0186,8:00 AM,2:20 PM,1327.0,49.8,22.3,20.2,6.9,483.0,473.0,470.0,79.2%,1426
31R450,Curtis High School,Staten Island,R450,105 Hamilton Avenue,Staten Island,NY,10301,40.64474,-74.08134,718-390-1800,9:00 AM,3:30 PM,2499.0,17.7,38.4,36.0,7.1,453.0,458.0,444.0,64.2%,1355
31R445,Port Richmond High School,Staten Island,R445,85 St Josephs Avenue,Staten Island,NY,10302,40.63384,-74.14211,718-420-2100,8:00 AM,2:45 PM,1628.0,21.7,27.9,42.8,7.0,432.0,427.0,425.0,44.6%,1284
31R605,Staten Island Technical High School,Staten Island,R440,485 Clawson Street,Staten Island,NY,10306,40.56791,-74.11536,718-667-3222,7:45 AM,2:30 PM,1247.0,52.2,1.0,5.2,41.1,711.0,660.0,670.0,99.7%,2041
31R440,New Dorp High School,Staten Island,R435,465 New Dorp Lane,Staten Island,NY,10306,40.56918,-74.1073,718-667-8686,8:05 AM,3:10 PM,2791.0,51.8,12.1,27.8,7.5,454.0,446.0,444.0,63.7%,1344
31R455,Tottenville High School,Staten Island,R455,100 Luten Avenue,Staten Island,NY,10312,40.52823,-74.19215,718-668-8800,8:00 AM,2:45 PM,3982.0,79.9,1.8,11.8,5.1,494.0,476.0,476.0,78.9%,1446
31R460,Susan E. Wagner High School,Staten Island,R460,1200 Manor Road,Staten Island,NY,10314,40.59865,-74.1231,718-698-4200,8:16 AM,3:00 PM,3363.0,47.7,10.9,27.0,13.4,496.0,490.0,487.0,66.3%,1473
31R064,Gaynor McCown Expeditionary Learning School,Staten Island,R043,100 Essex Drive,Staten Island,NY,10314,40.58202,-74.15785,718-370-6950,8:00 AM,2:20 PM,479.0,61.6,13.8,19.0,3.3,442.0,458.0,454.0,55.8%,1354
31R047,CSI High School for International Studies,Staten Island,R043,100 Essex Drive,Staten Island,NY,10314,40.58202,-74.15785,718-370-6900,7:30 AM,3:50 PM,520.0,55.6,8.8,19.8,11.2,477.0,468.0,464.0,83.5%,1409
07X547,New Explorers High School,Bronx,X790,730 Concourse Village West,Bronx,NY,10451,40.82278,-73.92352,718-292-4150,8:30 AM,3:30 PM,475.0,0.4,31.4,67.6,0.4,390.0,398.0,376.0,30.4%,1164
09X505,"Bronx School for Law, Government, and Justice",Bronx,X460,244 East 163rd Street,Bronx,NY,10451,40.82759,-73.91867,718-410-3430,8:15 AM,3:00 PM,778.0,1.0,23.1,72.0,2.2,403.0,409.0,415.0,63.8%,1227
07X548,Urban Assembly School for Careers in Sports,Bronx,X790,730 Concourse Village West,Bronx,NY,10451,40.82278,-73.92352,718-292-7110,8:25 AM,3:18 PM,587.0,1.4,28.6,69.5,0.2,402.0,405.0,395.0,55.5%,1202
07X527,Bronx Leadership Academy II High School,Bronx,X790,730 Concourse Village West,Bronx,NY,10451,40.82278,-73.92352,718-292-7171,8:30 AM,3:15 PM,495.0,0.8,32.3,63.4,2.2,384.0,355.0,361.0,61.3%,1100
07X551,Urban Assembly Bronx Academy of Letters,Bronx,X183,339 Morris Avenue,Bronx,NY,10451,40.81336,-73.92554,718-401-4891,8:00 AM,3:50 PM,591.0,1.5,30.4,66.9,0.9,398.0,400.0,405.0,57.8%,1203
07X670,Health Opportunities High School,Bronx,X884,350 Gerard Avenue,Bronx,NY,10451,40.81608,-73.93032,718-401-1826,8:15 AM,3:35 PM,554.0,1.8,36.1,57.9,3.1,374.0,386.0,382.0,57.9%,1142
07X427,Community School for Social Justice,Bronx,X884,350 Gerard Avenue,Bronx,NY,10451,40.81608,-73.93032,718-402-8481,8:30 AM,3:00 PM,324.0,1.2,29.6,67.3,1.5,380.0,382.0,362.0,38.4%,1124
07X600,Alfred E. Smith Career and Technical Education High School,Bronx,X600,333 East 151st Street,Bronx,NY,10451,40.81825,-73.91974,718-993-5000,8:50 AM,3:00 PM,375.0,0.8,29.1,68.3,1.1,390.0,373.0,371.0,29.8%,1134
09X365,Academy for Language and Technology,Bronx,X082,1700 Macombs Road,Bronx,NY,10453,40.8491,-73.91609,718-731-0219,8:00 AM,4:00 PM,322.0,0.0,0.3,99.7,0.0,371.0,334.0,348.0,78.9%,1053
07X221,South Bronx Preparatory (College Board),Bronx,X149,360 East 145th Street,Bronx,NY,10454,40.81401,-73.92084,718-292-2211,8:00 AM,3:00 PM,654.0,1.4,25.2,70.3,1.7,419.0,414.0,394.0,76.9%,1227
07X334,International Community High School,Bronx,X139,345 Brook Avenue,Bronx,NY,10454,40.81004,-73.91781,718-665-4128,9:00 AM,4:00 PM,463.0,1.3,14.0,76.7,6.5,345.0,338.0,312.0,58.2%,995
07X500,Hostos-Lincoln Academy of Science,Bronx,X162,600 St Anns Avenue,Bronx,NY,10455,40.81496,-73.91252,718-402-5640,8:00 AM,2:30 PM,544.0,1.5,22.5,69.9,3.8,463.0,451.0,435.0,80.0%,1349
07X495,University Heights Secondary School,Bronx,X470,701 St Anns Avenue,Bronx,NY,10455,40.81817,-73.91109,718-292-0578,8:45 AM,3:00 PM,486.0,1.6,30.0,64.6,3.1,420.0,446.0,424.0,87.8%,1290
07X473,Mott Haven Village Preparatory High School,Bronx,X470,701 St Anns Avenue,Bronx,NY,10455,40.81817,-73.91109,718-402-0571,8:30 AM,3:00 PM,364.0,0.5,25.3,73.6,0.3,377.0,373.0,369.0,44.9%,1119
09X543,High School for Violin and Dance,Bronx,X400,1110 Boston Road,Bronx,NY,10456,40.8276,-73.90448,718-842-0687,8:00 AM,3:00 PM,384.0,0.3,34.1,64.6,0.5,363.0,401.0,396.0,31.3%,1160
09X403,Bronx International High School,Bronx,X400,1110 Boston Road,Bronx,NY,10456,40.8276,-73.90448,718-620-1053,9:00 AM,3:45 PM,409.0,1.7,20.0,74.1,3.4,355.0,330.0,320.0,59.1%,1005
12X479,Bronx Career and College Preparatory High School,Bronx,X158,800 Home Street,Bronx,NY,10456,40.82776,-73.90039,718-542-4011,8:00 AM,2:15 PM,333.0,0.6,40.5,56.8,0.9,370.0,379.0,381.0,40.7%,1130
09X260,Bronx Center for Science and Mathematics,Bronx,X002,1363 Fulton Avenue,Bronx,NY,10456,40.83374,-73.90245,718-992-7089,7:30 AM,3:25 PM,457.0,1.5,25.4,65.9,6.3,513.0,468.0,485.0,73.9%,1466
09X324,Bronx Early College Academy for Teaching and Learning,Bronx,X166,250 East 164th Street,Bronx,NY,10456,40.82871,-73.91776,718-681-8287,8:30 AM,3:15 PM,503.0,0.4,28.7,67.4,3.6,424.0,413.0,409.0,93.3%,1246
09X250,Eximius College Preparatory Academy (College Board),Bronx,X002,1363 Fulton Avenue,Bronx,NY,10456,40.83374,-73.90245,718-992-7154,8:00 AM,3:22 PM,449.0,0.7,45.2,52.1,1.1,400.0,391.0,397.0,78.2%,1188
12X267,Bronx Latin,Bronx,X158,800 Home Street,Bronx,NY,10456,40.82776,-73.90039,718-991-6349,8:30 AM,3:15 PM,546.0,0.0,21.2,77.1,1.7,394.0,381.0,363.0,81.0%,1138
09X404,School for Excellence,Bronx,X400,1110 Boston Road,Bronx,NY,10456,40.8276,-73.90448,718-860-1385,8:15 AM,2:45 PM,421.0,1.0,26.6,70.8,0.7,377.0,385.0,383.0,38.4%,1145
09X297,Morris Academy for Collaborative Studies,Bronx,X400,1110 Boston Road,Bronx,NY,10456,40.8276,-73.90448,718-542-3700,8:15 AM,3:30 PM,471.0,0.4,26.3,72.0,0.8,407.0,389.0,386.0,44.8%,1182
09X517,Frederick Douglass Academy III Secondary School,Bronx,X148,3630 Third Avenue,Bronx,NY,10456,40.83417,-73.90403,718-538-9726,8:30 AM,4:00 PM,427.0,2.3,50.4,45.4,0.7,387.0,386.0,386.0,50.5%,1159
09X241,Urban Assembly School for Applied Math and Science,Bronx,X970,1595 Bathgate Avenue,Bronx,NY,10457,40.83933,-73.90131,718-466-7800,8:30 AM,3:30 PM,619.0,1.1,33.0,64.1,1.4,445.0,418.0,422.0,87.8%,1285
09X227,Bronx Collegiate Academy,Bronx,X410,240 East 172nd Street,Bronx,NY,10457,40.84037,-73.91084,718-410-4077,8:30 AM,3:30 PM,382.0,0.3,28.5,69.1,1.0,395.0,401.0,382.0,45.5%,1178
09X252,Mott Hall Bronx High School,Bronx,X970,1595 Bathgate Avenue,Bronx,NY,10457,40.83933,-73.90131,718-466-6800,8:30 AM,3:15 PM,402.0,1.2,20.1,75.6,1.2,417.0,399.0,398.0,46.2%,1214
09X525,Bronx Leadership Academy High School,Bronx,X876,1710 Webster Avenue,Bronx,NY,10457,40.84358,-73.90322,718-299-4274,8:00 AM,3:44 PM,686.0,0.6,35.7,61.7,0.4,375.0,372.0,374.0,49.1%,1121
09X263,Validus Preparatory Academy: An Expeditionary Learning School,Bronx,X970,1595 Bathgate Avenue,Bronx,NY,10457,40.83933,-73.90131,718-466-4000,8:15 AM,3:15 PM,375.0,0.8,26.9,70.7,1.6,382.0,375.0,384.0,59.2%,1141
09X413,Bronx High School for Medical Science,Bronx,X410,240 East 172nd Street,Bronx,NY,10457,40.84037,-73.91084,718-410-4040,7:45 AM,3:15 PM,472.0,0.7,36.7,53.4,7.1,431.0,421.0,426.0,83.9%,1278
09X231,Eagle Academy for Young Men,Bronx,X465,4143 Third Avenue,Bronx,NY,10457,40.84519,-73.89698,718-466-8000,8:30 AM,4:00 PM,608.0,0.5,60.7,36.0,0.3,398.0,410.0,397.0,65.7%,1205
09X412,Bronx High School of Business,Bronx,X410,240 East 172nd Street,Bronx,NY,10457,40.84037,-73.91084,718-410-4060,7:45 AM,3:15 PM,339.0,1.2,33.3,63.1,1.5,365.0,360.0,346.0,33.3%,1071
09X329,DreamYard Preparatory School,Bronx,X410,240 East 172nd Street,Bronx,NY,10457,40.84037,-73.91084,718-410-4242,8:40 AM,3:15 PM,336.0,1.2,33.6,60.7,1.5,385.0,385.0,388.0,51.1%,1158
10X225,Theatre Arts Production Company School,Bronx,X137,2225 Webster Avenue,Bronx,NY,10457,40.85465,-73.89665,718-584-0832,8:30 AM,3:30 PM,632.0,0.7,29.2,66.6,1.2,402.0,421.0,410.0,77.7%,1233
10X243,West Bronx Academy for the Future,Bronx,X435,500 East Fordham Road,Bronx,NY,10458,40.86001,-73.88823,718-563-7139,8:30 AM,3:15 PM,599.0,3.0,21.1,72.0,2.7,404.0,383.0,378.0,57.3%,1165
10X439,Bronx High School for Law and Community Service,Bronx,X435,500 East Fordham Road,Bronx,NY,10458,40.86001,-73.88823,718-733-5274,8:15 AM,4:00 PM,398.0,1.8,24.4,70.9,1.3,401.0,402.0,386.0,64.8%,1189
10X434,Belmont Preparatory High School,Bronx,X435,500 East Fordham Road,Bronx,NY,10458,40.86001,-73.88823,718-733-4559,8:15 AM,3:45 PM,416.0,1.9,30.0,65.6,2.2,413.0,408.0,402.0,55.3%,1223
10X437,Fordham High School for the Arts,Bronx,X435,500 East Fordham Road,Bronx,NY,10458,40.86001,-73.88823,718-733-4656,8:00 AM,3:45 PM,401.0,2.5,30.9,65.1,1.0,398.0,404.0,412.0,56.2%,1214
10X374,Knowledge and Power Preparatory Academy International High School (KAPPA),Bronx,X435,500 East Fordham Road,Bronx,NY,10458,40.86001,-73.88823,718-933-1247,7:30 AM,4:00 PM,487.0,2.1,32.2,61.4,2.5,408.0,417.0,404.0,66.7%,1229
10X438,Fordham Leadership Academy for Business and Technology,Bronx,X435,500 East Fordham Road,Bronx,NY,10458,40.86001,-73.88823,718-733-5024,8:00 AM,4:00 PM,438.0,2.7,27.6,67.8,1.8,355.0,373.0,368.0,44.3%,1096
12X248,Metropolitan High School,Bronx,X099,1180 Rev JA Polite Avenue,Bronx,NY,10459,40.82523,-73.89395,718-991-4634,8:00 AM,4:00 PM,326.0,0.3,21.5,74.8,0.9,387.0,388.0,386.0,65.9%,1161
08X332,Holcombe L. Rucker School of Community Research,Bronx,X039,965 Longwood Avenue,Bronx,NY,10459,40.81744,-73.89805,718-860-1053,8:15 AM,3:15 PM,236.0,0.4,43.2,54.7,0.4,376.0,372.0,369.0,59.0%,1117
08X530,Banana Kelly High School,Bronx,X039,965 Longwood Avenue,Bronx,NY,10459,40.81744,-73.89805,718-860-1242,8:45 AM,3:05 PM,325.0,1.2,37.2,60.6,0.0,378.0,391.0,378.0,25.7%,1147
08X269,Bronx Studio School for Writers and Artists,Bronx,X392,928 Simpson Street,Bronx,NY,10459,40.82062,-73.89307,718-893-5158,8:20 AM,3:20 PM,565.0,0.6,20.3,76.9,1.2,417.0,412.0,403.0,71.6%,1232
12X278,Peace and Diversity Academy,Bronx,X099,1180 Rev JA Polite Avenue,Bronx,NY,10459,40.82523,-73.89395,718-991-1855,8:45 AM,3:15 PM,170.0,1.8,44.1,52.4,0.6,366.0,362.0,365.0,27.1%,1093
12X271,East Bronx Academy for the Future,Bronx,X973,1716 Southern Boulevard,Bronx,NY,10460,40.83695,-73.88796,718-861-8641,8:30 AM,3:00 PM,618.0,0.5,25.4,71.0,3.0,418.0,406.0,408.0,41.1%,1232
12X511,Bronx Envision Academy,Bronx,X098,1619 Boston Road,Bronx,NY,10460,40.83594,-73.89047,718-589-1590,8:25 AM,3:15 PM,355.0,2.0,34.4,60.3,2.0,364.0,385.0,366.0,76.5%,1115
12X682,Fannie Lou Hamer Freedom High School,Bronx,X878,1021 Jennings Street,Bronx,NY,10460,40.83081,-73.88602,718-861-0521,8:45 AM,2:45 PM,470.0,0.2,28.5,70.4,0.4,345.0,347.0,339.0,75.0%,1031
12X251,Explorations Academy,Bronx,X098,1619 Boston Road,Bronx,NY,10460,40.83594,-73.89047,718-893-6173,8:00 AM,3:30 PM,358.0,2.0,27.1,69.8,0.8,377.0,372.0,365.0,43.0%,1114
12X372,Urban Assembly School for Wildlife Conservation,Bronx,X067,2024 Mohegan Avenue,Bronx,NY,10460,40.84404,-73.88469,718-991-2695,8:40 AM,3:00 PM,571.0,2.2,25.3,69.4,2.2,393.0,397.0,379.0,71.1%,1169
12X684,Wings Academy,Bronx,X879,1122 East 180th Street,Bronx,NY,10460,40.84181,-73.87542,718-597-1751,8:00 AM,3:00 PM,501.0,1.2,58.5,37.9,0.8,379.0,372.0,373.0,49.2%,1124
08X293,Renaissance High School for Musical Theater and Technology,Bronx,X405,3000 East Tremont Avenue,Bronx,NY,10461,40.84051,-73.83812,718-430-6390,8:15 AM,3:00 PM,444.0,7.2,27.9,61.0,3.2,390.0,411.0,393.0,52.3%,1194
08X405,Herbert H. Lehman High School,Bronx,X405,3000 East Tremont Avenue,Bronx,NY,10461,40.84051,-73.83812,718-904-4200,8:15 AM,3:45 PM,1535.0,10.6,23.6,54.9,9.2,426.0,419.0,407.0,28.9%,1252
11X418,Bronx High School for the Visual Arts,Bronx,X839,2040 Antin Place,Bronx,NY,10462,40.85143,-73.86502,718-319-5160,8:15 AM,2:45 PM,483.0,6.8,27.3,61.5,3.7,408.0,428.0,404.0,32.5%,1240
10X368,In-Tech Academy,Bronx,X368,2975 Tibbett Avenue,Bronx,NY,10463,40.88005,-73.90921,718-432-4300,8:30 AM,3:30 PM,1022.0,3.4,10.8,82.8,2.8,426.0,419.0,404.0,85.9%,1249
10X284,Bronx School of Law and Finance,Bronx,X475,99 Terrace View Avenue,Bronx,NY,10463,40.87705,-73.91234,718-561-0113,8:00 AM,2:45 PM,426.0,2.6,30.3,64.8,2.1,384.0,394.0,366.0,48.3%,1144
10X213,Bronx Engineering and Technology Academy,Bronx,X475,99 Terrace View Avenue,Bronx,NY,10463,40.87705,-73.91234,718-563-6678,8:15 AM,4:30 PM,417.0,1.4,34.3,55.9,6.7,394.0,406.0,391.0,59.6%,1191
10X546,Bronx Theatre High School,Bronx,X475,99 Terrace View Avenue,Bronx,NY,10463,40.87705,-73.91234,718-329-2902,8:40 AM,4:00 PM,428.0,1.6,30.1,67.1,0.5,382.0,384.0,390.0,66.7%,1156
10X477,Marble Hill High School for International Studies,Bronx,X475,99 Terrace View Avenue,Bronx,NY,10463,40.87705,-73.91234,718-561-0973,8:30 AM,4:40 PM,449.0,5.1,24.5,61.0,8.9,451.0,417.0,423.0,92.9%,1291
10X237,"Marie Curie School for Medicine, Nursing, and Health Professions",Bronx,X143,120 West 231st Street,Bronx,NY,10463,40.87598,-73.90123,718-432-6491,8:00 AM,2:45 PM,583.0,3.3,35.7,56.9,2.7,423.0,420.0,425.0,68.6%,1268
10X141,Riverdale/Kingsbridge Academy,Bronx,X141,660 West 237th Street,Bronx,NY,10463,40.88837,-73.91409,718-796-8516,8:20 AM,2:40 PM,1381.0,23.7,12.3,55.7,7.7,496.0,485.0,476.0,69.4%,1457
11X513,New World High School,Bronx,X362,921 East 228th Street,Bronx,NY,10466,40.88792,-73.85287,718-696-3800,8:00 AM,3:00 PM,408.0,7.6,9.3,66.2,13.7,407.0,363.0,358.0,93.0%,1128
11X514,Bronxwood Preparatory Academy,Bronx,X362,921 East 228th Street,Bronx,NY,10466,40.88792,-73.85287,718-696-3820,8:00 AM,3:00 PM,423.0,3.8,61.9,28.8,3.3,392.0,408.0,392.0,43.3%,1192
11X270,Academy for Scholarship and Entrepreneurship (College Board),Bronx,X362,921 East 228th Street,Bronx,NY,10466,40.88792,-73.85287,718-696-3840,8:00 AM,2:56 PM,371.0,1.1,63.6,30.5,3.2,392.0,408.0,400.0,63.4%,1200
11X544,High School for Contemporary Arts,Bronx,X425,800 East Gun Hill Road,Bronx,NY,10467,40.87575,-73.86139,718-944-5610,8:00 AM,2:45 PM,493.0,1.0,38.1,59.2,0.8,367.0,381.0,361.0,41.0%,1109
11X545,Bronx Aerospace High School,Bronx,X425,800 East Gun Hill Road,Bronx,NY,10467,40.87575,-73.86139,718-696-6010,9:00 AM,5:00 PM,431.0,2.1,29.2,64.5,2.3,403.0,410.0,393.0,50.5%,1206
11X290,Bronx Academy of Health Careers,Bronx,X425,800 East Gun Hill Road,Bronx,NY,10467,40.87575,-73.86139,718-696-3340,8:25 AM,3:15 PM,465.0,1.9,44.7,47.3,4.7,386.0,380.0,391.0,59.4%,1157
11X275,High School of Computers and Technology,Bronx,X425,800 East Gun Hill Road,Bronx,NY,10467,40.87575,-73.86139,718-696-3930,8:00 AM,3:00 PM,567.0,1.2,34.4,58.0,4.9,396.0,399.0,377.0,65.6%,1172
11X265,Bronx Lab School,Bronx,X425,800 East Gun Hill Road,Bronx,NY,10467,40.87575,-73.86139,718-696-3700,8:45 AM,5:00 PM,471.0,1.5,39.9,54.4,3.6,407.0,416.0,401.0,77.4%,1224
11X253,Bronx High School for Writing and Communication Arts,Bronx,X425,800 East Gun Hill Road,Bronx,NY,10467,40.87575,-73.86139,718-944-5660,8:00 AM,3:00 PM,389.0,1.3,45.0,49.1,3.3,380.0,437.0,425.0,38.1%,1242
10X433,High School for Teaching and the Professions,Bronx,X430,2780 Reservoir Avenue,Bronx,NY,10468,40.87038,-73.89816,718-329-7380,8:45 AM,3:45 PM,486.0,2.7,20.4,74.5,1.9,372.0,361.0,369.0,46.5%,1102
10X445,Bronx High School of Science,Bronx,X445,75 West 205th Street,Bronx,NY,10468,40.87706,-73.88978,718-817-7700,8:00 AM,3:45 PM,3015.0,22.1,2.6,5.5,62.8,714.0,660.0,667.0,97.0%,2041
10X268,Kingsbridge International High School,Bronx,X430,2780 Reservoir Avenue,Bronx,NY,10468,40.87038,-73.89816,718-329-8580,7:45 AM,2:45 PM,461.0,2.0,5.2,85.9,6.5,366.0,311.0,310.0,50.7%,987
10X549,Discovery High School,Bronx,X430,2780 Reservoir Avenue,Bronx,NY,10468,40.87038,-73.89816,718-733-3872,8:45 AM,3:45 PM,530.0,2.3,17.4,77.2,2.5,432.0,396.0,395.0,39.9%,1223
10X442,Celia Cruz Bronx High School of Music,Bronx,X430,2780 Reservoir Avenue,Bronx,NY,10468,40.87038,-73.89816,718-329-8550,8:00 AM,3:45 PM,430.0,1.2,25.3,70.0,1.4,417.0,434.0,425.0,75.6%,1276
10X696,High School of American Studies at Lehman College,Bronx,X905,2925 Goulden Avenue,Bronx,NY,10468,40.87126,-73.89752,718-329-2144,8:00 AM,3:00 PM,376.0,50.8,4.0,15.2,23.1,669.0,672.0,672.0,91.8%,2013
10X440,DeWitt Clinton High School,Bronx,X440,100 West Mosholu Parkway South,Bronx,NY,10468,40.88008,-73.8859,718-543-1000,8:00 AM,2:46 PM,2109.0,3.6,31.6,54.5,8.6,445.0,436.0,433.0,31.8%,1314
10X342,International School for Liberal Arts,Bronx,X430,2780 Reservoir Avenue,Bronx,NY,10468,40.87038,-73.89816,718-329-8570,8:00 AM,3:45 PM,561.0,0.5,0.0,99.5,0.0,390.0,387.0,379.0,19.2%,1156
11X299,Astor Collegiate Academy,Bronx,X415,925 Astor Avenue,Bronx,NY,10469,40.8597,-73.86074,718-944-3418,7:35 AM,3:55 PM,476.0,10.5,33.4,47.9,6.5,422.0,417.0,409.0,57.9%,1248
11X542,Pelham Preparatory Academy,Bronx,X415,925 Astor Avenue,Bronx,NY,10469,40.8597,-73.86074,718-944-3601,8:15 AM,3:45 PM,489.0,6.5,35.6,48.9,5.5,420.0,433.0,425.0,77.0%,1278
11X509,High School of Language and Innovation,Bronx,X415,925 Astor Avenue,Bronx,NY,10469,40.8597,-73.86074,718-944-3625,8:25 AM,3:15 PM,354.0,11.0,11.9,57.6,16.7,356.0,340.0,320.0,72.7%,1016
11X288,Collegiate Institute for Math and Science,Bronx,X415,925 Astor Avenue,Bronx,NY,10469,40.8597,-73.86074,718-944-3635,8:15 AM,4:15 PM,687.0,9.5,33.8,43.5,11.6,488.0,461.0,458.0,79.8%,1407
11X508,Bronxdale High School,Bronx,X415,925 Astor Avenue,Bronx,NY,10469,40.8597,-73.86074,718-944-3655,8:25 AM,3:55 PM,427.0,9.4,28.8,57.1,3.0,418.0,432.0,436.0,72.5%,1286
12X388,Pan American International High School at Monroe,Bronx,X420,1300 Boynton Avenue,Bronx,NY,10472,40.83137,-73.87882,718-991-7238,8:30 AM,5:30 PM,428.0,0.0,0.0,100.0,0.0,317.0,315.0,292.0,65.6%,924
12X478,Cinema School,Bronx,X423,1551 East 172nd Street,Bronx,NY,10472,40.83136,-73.87834,718-620-2560,8:30 AM,3:45 PM,338.0,4.1,21.9,69.8,3.8,430.0,449.0,448.0,88.3%,1327
12X692,Monroe Academy for Visual Arts and Design,Bronx,X420,1300 Boynton Avenue,Bronx,NY,10472,40.83137,-73.87882,718-860-8160,8:30 AM,3:00 PM,445.0,0.9,18.0,78.4,1.1,361.0,354.0,351.0,46.8%,1066
12X242,Mott Hall V,Bronx,X423,1551 East 172nd Street,Bronx,NY,10472,40.83136,-73.87834,718-620-8160,8:00 AM,3:30 PM,669.0,1.7,22.2,70.6,4.2,430.0,422.0,414.0,77.5%,1266
12X521,Metropolitan Soundview High School,Bronx,X420,1300 Boynton Avenue,Bronx,NY,10472,40.83137,-73.87882,718-860-8240,8:30 AM,3:40 PM,416.0,1.7,26.2,67.3,2.6,444.0,428.0,422.0,52.0%,1294
12X550,High School of World Cultures,Bronx,X420,1300 Boynton Avenue,Bronx,NY,10472,40.83137,-73.87882,718-860-8120,8:00 AM,4:00 PM,410.0,1.2,8.3,80.2,8.0,356.0,359.0,347.0,38.2%,1062
08X312,Millennium Art Academy,Bronx,X450,1980 Lafayette Avenue,Bronx,NY,10473,40.8223,-73.85596,718-824-0978,8:00 AM,3:00 PM,487.0,1.8,30.0,65.1,2.3,396.0,413.0,395.0,39.2%,1204
08X452,Bronx Guild,Bronx,X450,1980 Lafayette Avenue,Bronx,NY,10473,40.8223,-73.85596,718-597-1587,8:30 AM,3:00 PM,326.0,1.2,32.2,61.7,4.0,365.0,393.0,357.0,41.3%,1115
08X367,"Archimedes Academy for Math, Science, and Technology Applications",Bronx,X174,456 White Plains Road,Bronx,NY,10473,40.81492,-73.85657,718-617-5046,8:25 AM,3:15 PM,637.0,2.2,30.9,60.6,5.5,418.0,430.0,403.0,51.2%,1251
08X305,Pablo Neruda Academy,Bronx,X450,1980 Lafayette Avenue,Bronx,NY,10473,40.8223,-73.85596,718-824-1682,8:00 AM,3:50 PM,315.0,1.3,26.0,67.6,4.4,394.0,384.0,383.0,44.2%,1161
08X282,Women's Academy of Excellence,Bronx,X174,456 White Plains Road,Bronx,NY,10473,40.81492,-73.85657,718-542-0740,8:30 AM,2:45 PM,345.0,2.6,50.1,41.2,3.5,386.0,390.0,389.0,45.2%,1165
08X519,Felisa Rincon de Gautier Institute for Law and Public Policy,Bronx,X972,1440 Story Avenue,Bronx,NY,10473,40.82117,-73.88114,718-860-5110,8:00 AM,2:19 PM,307.0,2.9,25.4,67.8,2.0,389.0,408.0,413.0,31.3%,1210
08X376,Antonia Pantoja Preparatory Academy (College Board),Bronx,X450,1980 Lafayette Avenue,Bronx,NY,10473,40.8223,-73.85596,718-824-3152,8:00 AM,2:45 PM,450.0,1.3,26.2,65.4,6.3,435.0,415.0,423.0,44.9%,1273
11X249,Bronx Health Sciences High School,Bronx,X455,750 Baychester Avenue,Bronx,NY,10475,40.87413,-73.8338,718-862-4406,7:15 AM,3:00 PM,374.0,2.7,51.9,34.5,7.5,407.0,421.0,427.0,87.1%,1255
11X455,Harry S. Truman High School,Bronx,X455,750 Baychester Avenue,Bronx,NY,10475,40.87413,-73.8338,718-904-5400,8:00 AM,3:00 PM,2058.0,2.2,51.6,42.7,2.4,400.0,401.0,391.0,41.5%,1192
24Q600,Queens Vocational and Technical High School,Queens,Q600,37-02 47th Avenue,Long Island City,NY,11101,40.74219,-73.92824,718-937-3010,8:00 AM,4:30 PM,1553.0,7.3,5.8,74.6,12.1,467.0,436.0,432.0,53.4%,1335
24Q267,High School of Applied Communication,Queens,Q735,30-20 Thomson Avenue,Long Island City,NY,11101,40.74509,-73.93681,718-389-3163,8:30 AM,3:30 PM,421.0,13.5,12.6,54.4,15.9,435.0,437.0,441.0,70.9%,1313
24Q520,Middle College High School at LaGuardia Community College,Queens,Q520,45-35 Van Dam Street,Long Island City,NY,11101,40.74415,-73.93363,718-392-3330,8:00 AM,1:55 PM,514.0,7.0,4.7,79.6,8.4,377.0,389.0,377.0,48.7%,1143
30Q301,Academy for Careers in Television and Film,Queens,Q404,1-50 51st Avenue,Long Island City,NY,11101,40.74114,-73.94969,718-609-3330,9:00 AM,3:30 PM,515.0,20.8,15.9,54.2,5.8,444.0,458.0,444.0,95.0%,1346
24Q610,Aviation Career and Technical Education High School,Queens,Q610,45-30 36th Street,Long Island City,NY,11101,40.74359,-73.92908,718-361-2032,8:00 AM,4:30 PM,2168.0,11.0,6.3,49.0,30.9,511.0,464.0,456.0,78.6%,1431
30Q575,Academy of American Studies,Queens,Q451,28-04 41st Avenue,Long Island City,NY,11101,40.7513,-73.93742,718-361-8786,9:50 AM,4:15 PM,874.0,28.3,7.3,34.3,29.3,495.0,482.0,479.0,84.8%,1456
30Q555,Newcomers High School,Queens,Q450,28-01 41st Avenue,Long Island City,NY,11101,40.75138,-73.93745,718-937-6005,8:00 AM,3:00 PM,993.0,6.2,2.4,54.6,36.7,490.0,374.0,381.0,47.1%,1245
24Q299,Bard High School Early College Queens,Queens,Q735,30-20 Thomson Avenue,Long Island City,NY,11101,40.74509,-73.93681,718-361-3133,9:00 AM,3:20 PM,623.0,34.5,11.4,17.0,34.2,631.0,598.0,610.0,94.1%,1839
24Q530,International High School at LaGuardia Community College,Queens,Q520,45-35 Van Dam Street,Long Island City,NY,11101,40.74415,-73.93363,718-392-3433,8:00 AM,3:30 PM,509.0,13.0,2.6,45.0,39.3,425.0,367.0,365.0,71.7%,1157
30Q502,Information Technology High School,Queens,Q725,21-16 44th Road,Long Island City,NY,11101,40.74792,-73.94657,718-937-4270,7:15 AM,2:05 PM,970.0,9.4,14.9,56.3,18.2,443.0,420.0,411.0,58.8%,1274
24Q560,Robert F. Wagner Jr. Secondary School for Arts and Technology,Queens,Q891,47-07 30th Place,Long Island City,NY,11101,40.74226,-73.93688,718-472-5671,8:00 AM,3:00 PM,610.0,10.9,4.9,64.3,19.2,478.0,445.0,445.0,71.1%,1368
24Q264,Academy of Finance and Enterprise,Queens,Q735,30-20 Thomson Avenue,Long Island City,NY,11101,40.74509,-73.93681,718-389-3623,8:15 AM,3:15 PM,478.0,15.3,7.1,51.9,22.0,489.0,456.0,459.0,92.7%,1404
30Q286,Young Women's Leadership School in Astoria,Queens,Q739,23-15 Newtown Avenue,Astoria,NY,11102,40.77125,-73.9246,718-267-2839,8:00 AM,3:20 PM,572.0,19.6,4.7,38.0,37.7,483.0,464.0,477.0,100.0%,1424
30Q445,William Cullen Bryant High School,Queens,Q445,48-10 31st Avenue,Astoria,NY,11103,40.75812,-73.91033,718-721-5404,8:45 AM,3:30 PM,2496.0,16.1,5.6,48.7,28.4,466.0,424.0,426.0,56.9%,1316
30Q450,Long Island City High School,Queens,Q452,14-30 Broadway,Astoria,NY,11106,40.76576,-73.93273,718-545-7095,8:29 AM,3:50 PM,2123.0,9.0,13.5,60.2,15.7,430.0,423.0,412.0,51.6%,1265
30Q501,Frank Sinatra School of the Arts High School,Queens,Q570,35-12 35th Avenue,Astoria,NY,11106,40.75653,-73.92514,718-361-9920,7:45 AM,3:15 PM,808.0,38.7,13.6,33.4,10.5,536.0,543.0,543.0,89.5%,1622
30Q580,Baccalaureate School for Global Education,Queens,Q798,34-12 36th Avenue,Astoria,NY,11106,40.75517,-73.92682,718-361-5275,8:00 AM,3:00 PM,478.0,34.5,2.5,21.2,39.6,633.0,620.0,628.0,98.5%,1881
13K419,"Science Skills Center High School for Science, Technology, and the Creative Arts",Brooklyn,K805,49 Flatbush Avenue Extension,Brooklyn,NY,11201,40.69717,-73.98496,718-243-9413,8:07 AM,3:40 PM,528.0,2.1,70.5,18.4,6.8,399.0,397.0,386.0,65.9%,1182
13K439,Brooklyn International High School,Brooklyn,K805,49 Flatbush Avenue Extension,Brooklyn,NY,11201,40.69717,-73.98496,718-643-9315,9:15 AM,3:30 PM,345.0,13.9,17.7,26.7,41.7,432.0,334.0,333.0,92.7%,1099
15K497,School for International Studies,Brooklyn,K293,284 Baltic Street,Brooklyn,NY,11201,40.68545,-73.99349,718-330-9390,8:30 AM,3:15 PM,466.0,9.9,47.9,36.3,4.2,417.0,406.0,394.0,65.1%,1217
15K429,Brooklyn School for Global Studies,Brooklyn,K293,284 Baltic Street,Brooklyn,NY,11201,40.68545,-73.99349,718-694-9741,8:45 AM,3:10 PM,250.0,6.6,54.8,35.5,2.4,393.0,381.0,402.0,61.8%,1176
13K674,"City Polytechnic High School of Engineering, Architecture, and Technology",Brooklyn,K580,105 Johnson Street,Brooklyn,NY,11201,40.69494,-73.98604,718-875-1473,8:40 AM,4:07 PM,458.0,3.5,69.7,19.7,6.6,503.0,477.0,427.0,18.5%,1407
13K527,Urban Assembly Institute of Math and Science for Young Women,Brooklyn,K313,283 Adams Street,Brooklyn,NY,11201,40.69462,-73.98862,718-260-2300,8:30 AM,3:20 PM,470.0,4.9,73.6,14.8,3.5,397.0,415.0,407.0,82.4%,1219
13K483,Urban Assembly School for Law and Justice,Brooklyn,K313,283 Adams Street,Brooklyn,NY,11201,40.69462,-73.98862,718-858-1160,8:40 AM,3:40 PM,448.0,0.9,71.4,21.9,2.0,446.0,443.0,430.0,87.6%,1319
15K519,Cobble Hill School of American Studies,Brooklyn,K804,347 Baltic Street,Brooklyn,NY,11201,40.68458,-73.99109,718-403-9544,8:00 AM,3:00 PM,596.0,4.4,63.8,25.0,4.5,416.0,420.0,402.0,55.3%,1238
13K605,George Westinghouse Career and Technical Education High School,Brooklyn,K580,105 Johnson Street,Brooklyn,NY,11201,40.69494,-73.98604,718-625-6130,8:30 AM,3:30 PM,634.0,2.1,74.4,19.7,2.5,394.0,422.0,400.0,45.3%,1216
13K350,Urban Assembly High School of Music and Art,Brooklyn,K805,49 Flatbush Avenue Extension,Brooklyn,NY,11201,40.69717,-73.98496,718-858-0249,8:30 AM,4:00 PM,387.0,0.5,77.5,20.7,0.5,372.0,372.0,361.0,55.1%,1105
18K629,Cultural Academy for the Arts and Sciences,Brooklyn,K415,5800 Tilden Avenue,Brooklyn,NY,11203,40.64866,-73.9219,718-968-6630,8:00 AM,3:00 PM,353.0,0.6,90.4,8.5,0.6,382.0,395.0,384.0,57.3%,1161
18K569,Kurt Hahn Expeditionary Learning School,Brooklyn,K415,5800 Tilden Avenue,Brooklyn,NY,11203,40.64866,-73.9219,718-629-1204,8:30 AM,3:30 PM,341.0,0.3,91.2,6.7,1.2,378.0,394.0,388.0,72.6%,1160
17K531,School for Human Rights,Brooklyn,K470,600 Kingston Avenue,Brooklyn,NY,11203,40.65952,-73.94255,718-771-4793,8:00 AM,3:00 PM,424.0,1.0,90.7,6.5,1.4,398.0,411.0,400.0,60.8%,1209
18K563,It Takes a Village Academy,Brooklyn,K415,5800 Tilden Avenue,Brooklyn,NY,11203,40.64866,-73.9219,718-629-2307,8:15 AM,4:15 PM,566.0,1.1,90.3,5.7,0.5,364.0,374.0,361.0,62.2%,1099
17K546,High School for Public Service: Heroes of Tomorrow,Brooklyn,K470,600 Kingston Avenue,Brooklyn,NY,11203,40.65952,-73.94255,718-756-5325,8:30 AM,3:15 PM,454.0,1.1,75.8,17.4,5.3,468.0,454.0,464.0,95.4%,1386
18K589,Arts and Media Preparatory Academy,Brooklyn,K232,905 Winthrop Street,Brooklyn,NY,11203,40.65846,-73.92903,718-773-3908,8:50 AM,3:40 PM,279.0,1.4,82.8,12.5,1.1,370.0,383.0,374.0,64.2%,1127
17K533,School for Democracy and Leadership,Brooklyn,K470,600 Kingston Avenue,Brooklyn,NY,11203,40.65952,-73.94255,718-771-4865,8:00 AM,2:50 PM,319.0,2.3,87.6,7.4,0.8,386.0,385.0,390.0,53.5%,1161
20K609,Urban Assembly School for Criminal Justice,Brooklyn,K223,4200 16th Avenue,Brooklyn,NY,11204,40.63491,-73.98152,718-438-3893,8:45 AM,3:45 PM,496.0,15.0,17.5,20.4,46.5,428.0,413.0,417.0,83.6%,1258
20K505,Franklin Delano Roosevelt High School,Brooklyn,K505,5800 20th Avenue,Brooklyn,NY,11204,40.62026,-73.98201,718-621-8800,9:30 AM,4:15 PM,3220.0,18.6,11.5,29.3,40.1,504.0,411.0,407.0,54.0%,1322
13K412,"Brooklyn Community High School of Communication, Arts, and Media",Brooklyn,K117,300 Willoughby Avenue,Brooklyn,NY,11205,40.69258,-73.95887,718-230-5748,8:30 AM,3:20 PM,404.0,0.7,78.5,17.8,1.2,358.0,386.0,380.0,51.7%,1124
13K265,Dr. Susan S. McKinney Secondary School of the Arts,Brooklyn,K265,101 Park Avenue,Brooklyn,NY,11205,40.69634,-73.97577,718-834-6760,8:00 AM,3:15 PM,421.0,0.7,73.0,22.8,0.7,332.0,346.0,350.0,55.1%,1028
13K670,Benjamin Banneker Academy,Brooklyn,K914,71-77 Clinton Avenue,Brooklyn,NY,11205,40.69566,-73.96929,718-797-3702,8:00 AM,3:00 PM,916.0,0.5,86.4,8.6,3.4,479.0,484.0,472.0,85.5%,1435
14K071,Juan Morel Campos Secondary School,Brooklyn,K071,215 Heyward Street,Brooklyn,NY,11206,40.70358,-73.95324,718-302-7900,8:00 AM,2:15 PM,692.0,2.5,13.6,82.7,0.3,366.0,356.0,353.0,56.3%,1075
14K449,Brooklyn Latin School,Brooklyn,K049,223 Graham Avenue,Brooklyn,NY,11206,40.7099,-73.94366,718-366-0154,8:00 AM,2:30 PM,676.0,13.5,19.4,14.5,36.1,625.0,588.0,591.0,97.5%,1804
14K454,Green School: An Academy for Environmental Careers,Brooklyn,K049,223 Graham Avenue,Brooklyn,NY,11206,40.7099,-73.94366,718-599-1207,8:00 AM,3:30 PM,276.0,1.4,38.0,59.1,0.7,384.0,398.0,399.0,41.1%,1181
14K586,Lyons Community School,Brooklyn,K049,223 Graham Avenue,Brooklyn,NY,11206,40.7099,-73.94366,718-782-0918,8:40 AM,3:30 PM,520.0,2.4,39.8,55.8,1.8,374.0,376.0,357.0,56.3%,1107
19K510,World Academy for Total Community Health High School,Brooklyn,K435,400 Pennsylvania Avenue,Brooklyn,NY,11207,40.66755,-73.8948,718-922-0650,8:05 AM,2:20 PM,284.0,1.4,75.7,19.0,2.5,380.0,389.0,384.0,40.9%,1153
19K502,FDNY High School for Fire and Life Safety,Brooklyn,K435,400 Pennsylvania Avenue,Brooklyn,NY,11207,40.66755,-73.8948,718-922-0389,8:00 AM,3:00 PM,324.0,1.9,71.6,24.4,1.2,365.0,369.0,357.0,47.7%,1091
19K660,W. H. Maxwell Career and Technical Education High School,Brooklyn,K660,145 Pennsylvania Avenue,Brooklyn,NY,11207,40.67422,-73.89645,718-345-9100,8:00 AM,3:07 PM,506.0,0.6,69.6,28.1,1.0,326.0,333.0,350.0,38.5%,1009
19K504,High School for Civil Rights,Brooklyn,K435,400 Pennsylvania Avenue,Brooklyn,NY,11207,40.66755,-73.8948,718-922-6289,8:00 AM,3:15 PM,319.0,1.9,74.0,22.9,0.3,391.0,373.0,376.0,26.4%,1140
19K507,Performing Arts and Technology High School,Brooklyn,K435,400 Pennsylvania Avenue,Brooklyn,NY,11207,40.66755,-73.8948,718-922-0762,8:05 AM,3:00 PM,406.0,0.5,80.8,18.2,0.2,375.0,393.0,394.0,39.8%,1162
19K409,East New York Family Academy,Brooklyn,K819,2057 Linden Boulevard,Brooklyn,NY,11207,40.66064,-73.88634,718-927-0012,8:00 AM,3:00 PM,479.0,0.4,67.6,29.5,2.2,464.0,451.0,421.0,66.7%,1336
19K639,Brooklyn Lab School,Brooklyn,K420,999 Jamaica Avenue,Brooklyn,NY,11208,40.69114,-73.86843,718-235-3592,8:22 AM,3:11 PM,334.0,0.9,35.6,56.9,5.4,383.0,376.0,370.0,46.8%,1129
19K583,Multicultural High School,Brooklyn,K420,999 Jamaica Avenue,Brooklyn,NY,11208,40.69114,-73.86843,718-827-2796,8:15 AM,3:15 PM,229.0,0.4,0.0,99.6,0.0,319.0,323.0,284.0,28.6%,926
19K683,"School for Classics: An Academy of Thinkers, Writers, and Performers",Brooklyn,K218,370 Fountain Avenue,Brooklyn,NY,11208,40.67068,-73.87422,718-277-1069,8:00 AM,3:00 PM,308.0,4.2,60.7,26.0,7.8,387.0,391.0,383.0,52.8%,1161
19K615,Transit Tech Career and Technical Education High School,Brooklyn,K615,1 Wells Street,Brooklyn,NY,11208,40.67823,-73.87597,718-647-5204,8:30 AM,2:45 PM,1093.0,1.3,63.6,27.2,6.1,387.0,387.0,384.0,37.2%,1158
19K659,Cypress Hills Collegiate Preparatory School,Brooklyn,K420,999 Jamaica Avenue,Brooklyn,NY,11208,40.69114,-73.86843,718-647-1672,8:10 AM,3:00 PM,330.0,3.3,19.7,71.2,4.5,365.0,370.0,362.0,53.8%,1097
19K404,Academy for Young Writers,Brooklyn,K422,1065 Elton Street,Brooklyn,NY,11208,40.65752,-73.87478,718-688-7230,9:05 AM,3:30 PM,547.0,1.2,73.1,21.9,1.5,382.0,413.0,391.0,81.2%,1186
19K618,Academy of Innovative Technology,Brooklyn,K420,999 Jamaica Avenue,Brooklyn,NY,11208,40.69114,-73.86843,718-827-2469,7:45 AM,2:30 PM,413.0,1.2,45.5,45.5,5.3,395.0,376.0,359.0,57.4%,1130
20K490,Fort Hamilton High School,Brooklyn,K490,8301 Shore Road,Brooklyn,NY,11209,40.62791,-74.03995,718-748-1537,9:00 AM,3:45 PM,4372.0,34.1,4.5,29.2,30.1,513.0,456.0,451.0,68.7%,1420
22K405,Midwood High School,Brooklyn,K405,2839 Bedford Avenue,Brooklyn,NY,11210,40.63334,-73.95292,718-724-8500,8:45 AM,3:30 PM,3787.0,23.3,29.8,12.5,33.7,550.0,514.0,516.0,85.7%,1580
14K474,PROGRESS High School for Professional Careers,Brooklyn,K450,850 Grand Street,Brooklyn,NY,11211,40.71196,-73.94043,718-387-0228,8:00 AM,2:45 PM,1098.0,0.8,35.1,62.6,1.0,380.0,377.0,384.0,44.9%,1141
14K478,"High School for Enterprise, Business, and Technology",Brooklyn,K450,850 Grand Street,Brooklyn,NY,11211,40.71196,-73.94043,718-387-2800,7:45 AM,3:45 PM,1001.0,2.5,36.1,56.9,4.0,463.0,446.0,425.0,54.5%,1334
14K488,Brooklyn Preparatory High School,Brooklyn,K650,257 North 6th Street,Brooklyn,NY,11211,40.71504,-73.95465,718-486-2550,8:20 AM,3:10 PM,494.0,2.0,54.7,40.3,2.4,391.0,406.0,391.0,74.5%,1188
14K685,El Puente Academy for Peace and Justice,Brooklyn,K778,250 Hooper Street,Brooklyn,NY,11211,40.70577,-73.95573,718-387-1125,9:00 AM,3:30 PM,245.0,1.2,11.8,85.3,0.0,344.0,380.0,379.0,62.5%,1103
14K477,School for Legal Studies,Brooklyn,K450,850 Grand Street,Brooklyn,NY,11211,40.71196,-73.94043,718-387-2800,8:00 AM,3:30 PM,598.0,1.3,45.8,50.0,1.0,393.0,390.0,394.0,34.8%,1177
14K561,Williamsburg Preparatory School,Brooklyn,K650,257 North 6th Street,Brooklyn,NY,11211,40.71504,-73.95465,718-302-2306,8:15 AM,3:15 PM,682.0,10.0,16.4,69.6,2.6,443.0,440.0,430.0,87.8%,1313
14K558,Williamsburg High School for Architecture and Design,Brooklyn,K650,257 North 6th Street,Brooklyn,NY,11211,40.71504,-73.95465,718-388-1260,8:15 AM,3:15 PM,595.0,4.2,31.6,60.0,2.4,415.0,424.0,407.0,60.1%,1246
23K514,Frederick Douglass Academy VII High School,Brooklyn,K175,226 Bristol Street,Brooklyn,NY,11212,40.66581,-73.9117,718-485-3789,9:07 AM,3:27 PM,319.0,0.3,88.1,11.3,0.0,400.0,407.0,394.0,65.4%,1201
23K697,Teachers Preparatory High School,Brooklyn,K175,226 Bristol Street,Brooklyn,NY,11212,40.66581,-73.9117,718-498-2605,8:20 AM,2:40 PM,390.0,0.6,83.0,15.7,0.3,394.0,399.0,412.0,56.6%,1205
17K122,Pathways in Technology Early College High School,Brooklyn,K625,150 Albany Avenue,Brooklyn,NY,11213,40.6754,-73.93888,718-221-1593,8:15 AM,4:30 PM,438.0,0.7,85.6,9.1,3.0,446.0,442.0,410.0,69.4%,1298
17K751,Academy for Health Careers,Brooklyn,K625,150 Albany Avenue,Brooklyn,NY,11213,40.6754,-73.93888,718-773-0128,8:30 AM,2:45 PM,373.0,0.8,85.5,8.8,1.6,406.0,405.0,396.0,48.1%,1207
16K455,Boys and Girls High School,Brooklyn,K455,1700 Fulton Street,Brooklyn,NY,11213,40.67943,-73.93243,718-467-1700,8:15 AM,3:15 PM,648.0,1.7,87.2,8.6,0.9,399.0,392.0,394.0,35.6%,1185
21K348,High School of Sports Management,Brooklyn,K400,2630 Benson Avenue,Brooklyn,NY,11214,40.59359,-73.98473,718-333-7650,7:45 AM,3:45 PM,290.0,5.5,72.4,16.9,3.8,367.0,374.0,361.0,56.2%,1102
21K690,Brooklyn Studio Secondary School,Brooklyn,K721,8310 21st Avenue,Brooklyn,NY,11214,40.60488,-73.99442,718-266-5032,8:00 AM,2:30 PM,901.0,53.3,5.1,25.0,16.2,458.0,434.0,434.0,67.8%,1326
21K337,International High School at Lafayette,Brooklyn,K400,2630 Benson Avenue,Brooklyn,NY,11214,40.59359,-73.98473,718-333-7860,9:15 AM,4:00 PM,358.0,25.7,8.7,24.0,41.1,424.0,343.0,337.0,84.3%,1104
21K572,Expeditionary Learning School for Community Leaders,Brooklyn,K400,2630 Benson Avenue,Brooklyn,NY,11214,40.59359,-73.98473,718-333-7700,8:25 AM,3:15 PM,271.0,23.2,17.3,42.1,15.5,420.0,396.0,396.0,75.0%,1212
20K445,New Utrecht High School,Brooklyn,K445,1601 80th Street,Brooklyn,NY,11214,40.61342,-74.00365,718-232-2500,8:00 AM,3:00 PM,3480.0,27.6,4.0,29.0,38.6,488.0,422.0,417.0,63.2%,1327
21K559,Life Academy High School for Film and Music,Brooklyn,K400,2630 Benson Avenue,Brooklyn,NY,11214,40.59359,-73.98473,718-333-7750,8:15 AM,3:00 PM,271.0,13.7,51.7,26.6,7.4,369.0,379.0,378.0,70.2%,1126
21K468,Kingsborough Early College School,Brooklyn,K400,2630 Benson Avenue,Brooklyn,NY,11214,40.59359,-73.98473,718-333-7850,8:00 AM,2:20 PM,564.0,42.5,25.7,24.3,6.6,474.0,462.0,449.0,65.8%,1385
15K463,Secondary School for Journalism,Brooklyn,K460,237 7th Avenue,Brooklyn,NY,11215,40.6696,-73.97926,718-832-4201,8:25 AM,3:12 PM,285.0,6.3,46.7,37.5,7.4,408.0,435.0,415.0,58.8%,1258
15K684,Millennium Brooklyn High School,Brooklyn,K460,237 7th Avenue,Brooklyn,NY,11215,40.6696,-73.97926,718-832-4333,8:00 AM,2:30 PM,566.0,31.1,26.0,27.2,9.5,553.0,551.0,539.0,79.6%,1643
15K464,Park Slope Collegiate,Brooklyn,K460,237 7th Avenue,Brooklyn,NY,11215,40.6696,-73.97926,718-832-4300,8:15 AM,3:15 PM,423.0,3.6,46.4,36.5,7.9,405.0,377.0,395.0,59.6%,1177
15K462,Secondary School for Law,Brooklyn,K460,237 7th Avenue,Brooklyn,NY,11215,40.6696,-73.97926,718-832-4250,8:25 AM,3:12 PM,351.0,3.4,66.4,25.9,2.0,420.0,424.0,414.0,74.7%,1258
13K595,Bedford Academy High School,Brooklyn,K994,1119 Bedford Avenue,Brooklyn,NY,11216,40.68538,-73.95427,718-398-3061,8:00 AM,4:15 PM,364.0,0.8,84.6,7.7,3.0,505.0,464.0,456.0,96.2%,1425
15K656,Brooklyn High School of the Arts,Brooklyn,K655,345 Dean Street,Brooklyn,NY,11217,40.68365,-73.98047,718-855-2412,8:15 AM,3:00 PM,870.0,2.0,70.3,22.5,1.7,439.0,441.0,436.0,80.6%,1316
13K430,Brooklyn Technical High School,Brooklyn,K430,29 Ft Greene Place,Brooklyn,NY,11217,40.68811,-73.97675,718-804-6400,8:45 AM,3:15 PM,5447.0,20.5,7.7,7.6,60.5,682.0,608.0,606.0,95.5%,1896
22K555,Brooklyn College Academy,Brooklyn,K917,350 Coney Island Avenue,Brooklyn,NY,11218,40.6492,-73.97169,718-853-6184,8:00 AM,3:00 PM,605.0,4.6,72.2,9.1,7.9,502.0,495.0,493.0,98.1%,1490
20K485,High School of Telecommunication Arts and Technology,Brooklyn,K485,350 67th Street,Brooklyn,NY,11220,40.63725,-74.02382,718-759-3400,8:00 AM,3:00 PM,1329.0,16.3,7.7,56.7,18.0,475.0,440.0,445.0,81.6%,1360
32K545,EBC High School for Public Service in Bushwick,Brooklyn,K913,1155 Dekalb Avenue,Brooklyn,NY,11221,40.69448,-73.92915,718-452-3440,8:00 AM,3:45 PM,514.0,0.2,8.0,90.7,0.4,389.0,374.0,378.0,50.0%,1141
16K498,Brooklyn High School for Law and Technology,Brooklyn,K987,1396 Broadway,Brooklyn,NY,11221,40.68893,-73.92108,718-919-1256,8:00 AM,3:00 PM,596.0,1.2,71.1,23.8,2.5,395.0,401.0,383.0,62.7%,1179
16K688,Brooklyn Academy of Global Finance,Brooklyn,K057,125 Stuyvesant Avenue,Brooklyn,NY,11221,40.69154,-73.93373,718-574-3126,8:15 AM,3:12 PM,152.0,2.0,71.7,20.4,5.9,395.0,382.0,391.0,45.9%,1168
32K556,Bushwick Leaders High School for Academic Excellence,Brooklyn,K865,797 Bushwick Avenue,Brooklyn,NY,11221,40.695,-73.92799,718-919-4212,8:15 AM,4:45 PM,317.0,0.3,16.7,81.4,0.9,393.0,368.0,382.0,46.8%,1143
14K610,Automotive High School,Brooklyn,K610,50 Bedford Avenue,Brooklyn,NY,11222,40.72264,-73.95258,718-218-9301,8:45 AM,3:50 PM,383.0,2.9,55.9,38.1,1.6,367.0,381.0,328.0,31.6%,1076
14K632,Frances Perkins Academy,Brooklyn,K610,50 Bedford Avenue,Brooklyn,NY,11222,40.72264,-73.95258,718-388-7721,8:00 AM,3:00 PM,142.0,2.1,62.7,32.4,0.7,399.0,413.0,400.0,46.3%,1212
21K540,John Dewey High School,Brooklyn,K540,50 Avenue X,Brooklyn,NY,11223,40.58924,-73.98175,718-373-6400,8:13 AM,3:05 PM,2006.0,13.7,28.6,20.7,35.8,512.0,418.0,396.0,62.7%,1326
21K344,Rachel Carson High School for Coastal Studies,Brooklyn,K303,521 West Avenue,Brooklyn,NY,11224,40.58212,-73.97289,718-265-0329,8:00 AM,3:15 PM,560.0,43.6,22.5,22.3,10.2,436.0,430.0,421.0,68.4%,1287
17K548,Brooklyn School for Music and Theatre,Brooklyn,K440,883 Classon Avenue,Brooklyn,NY,11225,40.6703,-73.96165,718-230-6250,8:10 AM,3:00 PM,386.0,0.8,82.6,15.8,0.8,382.0,393.0,377.0,72.2%,1152
17K547,Brooklyn Academy of Science and the Environment,Brooklyn,K440,883 Classon Avenue,Brooklyn,NY,11225,40.6703,-73.96165,718-230-6363,8:30 AM,4:15 PM,453.0,1.3,80.1,12.6,5.3,419.0,411.0,416.0,58.5%,1246
17K590,Medgar Evers College Preparatory School,Brooklyn,K590,1186 Carroll Street,Brooklyn,NY,11225,40.66716,-73.95086,718-703-5400,7:15 AM,3:15 PM,1271.0,0.6,90.9,3.3,2.9,525.0,500.0,481.0,89.0%,1506
17K600,Clara Barton High School,Brooklyn,K600,901 Classon Avenue,Brooklyn,NY,11225,40.67027,-73.96165,718-636-4900,8:15 AM,3:30 PM,1499.0,0.9,89.5,5.7,1.8,408.0,424.0,407.0,55.0%,1239
17K524,International High School at Prospect Heights,Brooklyn,K440,883 Classon Avenue,Brooklyn,NY,11225,40.6703,-73.96165,718-230-6333,8:30 AM,3:15 PM,414.0,13.3,29.0,38.9,18.4,344.0,302.0,300.0,81.7%,946
17K528,High School for Global Citizenship,Brooklyn,K440,883 Classon Avenue,Brooklyn,NY,11225,40.6703,-73.96165,718-230-6300,8:00 AM,3:00 PM,246.0,2.8,82.1,13.0,1.6,377.0,386.0,375.0,61.9%,1138
17K543,"Science, Technology, and Research Early College High School at Erasmus",Brooklyn,K465,911 Flatbush Avenue,Brooklyn,NY,11226,40.64944,-73.95843,718-564-2540,8:00 AM,2:45 PM,516.0,0.9,87.1,6.4,4.0,496.0,491.0,484.0,91.5%,1471
17K382,Academy for College Preparation and Career Exploration (College Board),Brooklyn,K465,911 Flatbush Avenue,Brooklyn,NY,11226,40.64944,-73.95843,718-564-2566,8:00 AM,3:30 PM,505.0,0.8,84.6,12.3,1.7,386.0,397.0,393.0,57.3%,1176
17K537,High School for Youth and Community Development at Erasmus,Brooklyn,K465,911 Flatbush Avenue,Brooklyn,NY,11226,40.64944,-73.95843,718-564-2470,8:00 AM,3:00 PM,384.0,2.1,85.4,8.9,2.3,360.0,382.0,359.0,63.2%,1101
17K539,High School for Service and Learning at Erasmus,Brooklyn,K465,911 Flatbush Avenue,Brooklyn,NY,11226,40.64944,-73.95843,718-564-2551,8:00 AM,3:40 PM,445.0,2.0,82.5,10.6,2.7,377.0,382.0,356.0,45.5%,1115
17K408,Academy of Hospitality and Tourism,Brooklyn,K465,911 Flatbush Avenue,Brooklyn,NY,11226,40.64944,-73.95843,718-564-2580,8:00 AM,2:45 PM,285.0,1.1,84.6,10.2,3.5,374.0,385.0,375.0,62.0%,1134
22K425,James Madison High School,Brooklyn,K425,3787 Bedford Avenue,Brooklyn,NY,11229,40.60976,-73.94845,718-758-7200,8:10 AM,2:48 PM,3088.0,44.3,17.4,16.7,21.2,492.0,450.0,444.0,69.0%,1386
21K525,Edward R. Murrow High School,Brooklyn,K525,1600 Avenue L,Brooklyn,NY,11230,40.6205,-73.95923,718-258-9283,8:05 AM,2:45 PM,3968.0,26.7,22.6,21.7,26.6,500.0,479.0,472.0,75.2%,1451
15K448,Brooklyn Secondary School for Collaborative Studies,Brooklyn,K142,610 Henry Street,Brooklyn,NY,11231,40.67986,-74.00148,718-923-4700,8:30 AM,2:50 PM,685.0,9.3,38.5,45.3,5.8,401.0,411.0,404.0,84.1%,1216
15K667,Sunset Park High School,Brooklyn,K564,153 35th Street,Brooklyn,NY,11232,40.65595,-74.0055,718-840-1900,8:45 AM,3:30 PM,1333.0,6.8,8.5,77.3,7.3,398.0,380.0,381.0,61.6%,1159
23K493,Brooklyn Collegiate (College Board),Brooklyn,K055,2021 Bergen Street,Brooklyn,NY,11233,40.67414,-73.91349,718-922-1145,8:30 AM,2:45 PM,353.0,0.3,87.5,9.6,1.4,394.0,395.0,399.0,64.4%,1188
16K594,Gotham Professional Arts Academy,Brooklyn,K040,265 Ralph Avenue,Brooklyn,NY,11233,40.68046,-73.9222,718-455-0746,8:45 AM,3:15 PM,226.0,1.3,81.9,14.6,0.9,377.0,396.0,386.0,50.7%,1159
22K535,Leon M. Goldstein High School for the Sciences,Brooklyn,K535,1830 Shore Boulevard,Brooklyn,NY,11235,40.58085,-73.93609,718-368-8500,8:15 AM,2:30 PM,1081.0,59.1,10.2,10.6,18.7,563.0,534.0,543.0,94.0%,1640
21K410,Abraham Lincoln High School,Brooklyn,K410,2800 Ocean Parkway,Brooklyn,NY,11235,40.58231,-73.96747,718-333-7400,7:28 AM,3:10 PM,2341.0,20.1,39.8,23.7,15.1,441.0,422.0,422.0,54.9%,1285
21K620,William E. Grady Career and Technical Education High School,Brooklyn,K620,25 Brighton 4th Road,Brooklyn,NY,11235,40.58255,-73.96372,718-332-5000,8:00 AM,3:30 PM,613.0,6.4,68.7,18.1,5.4,416.0,423.0,387.0,31.4%,1226
18K642,Urban Action Academy,Brooklyn,K500,1600 Rockaway Parkway,Brooklyn,NY,11236,40.64184,-73.89869,718-290-8720,8:10 AM,3:20 PM,309.0,4.2,79.0,12.3,2.9,362.0,396.0,393.0,44.9%,1151
18K566,Brooklyn Generation School,Brooklyn,K515,6565 Flatlands Avenue,Brooklyn,NY,11236,40.63263,-73.9178,718-968-4200,8:30 AM,3:20 PM,286.0,1.4,85.0,8.7,1.7,392.0,406.0,403.0,50.0%,1201
18K633,High School for Medical Professions,Brooklyn,K500,1600 Rockaway Parkway,Brooklyn,NY,11236,40.64184,-73.89869,718-290-8700,8:00 AM,3:00 PM,432.0,0.2,81.9,13.2,2.8,404.0,427.0,424.0,60.2%,1255
18K617,High School for Innovation in Advertising and Media,Brooklyn,K500,1600 Rockaway Parkway,Brooklyn,NY,11236,40.64184,-73.89869,718-290-8760,8:00 AM,3:15 PM,303.0,2.6,85.8,9.6,1.3,390.0,410.0,397.0,59.1%,1197
18K576,Victory Collegiate High School,Brooklyn,K515,6565 Flatlands Avenue,Brooklyn,NY,11236,40.63263,-73.9178,718-968-1530,8:30 AM,3:30 PM,331.0,1.2,88.8,6.3,0.9,386.0,408.0,402.0,72.7%,1196
18K567,Brooklyn Theatre Arts High School,Brooklyn,K515,6565 Flatlands Avenue,Brooklyn,NY,11236,40.63263,-73.9178,718-968-1072,8:30 AM,3:23 PM,395.0,1.8,82.0,13.2,0.5,379.0,393.0,373.0,69.1%,1145
18K637,Academy for Conservation and the Environment,Brooklyn,K515,6565 Flatlands Avenue,Brooklyn,NY,11236,40.63263,-73.9178,718-968-4101,8:33 AM,3:19 PM,308.0,1.3,86.0,9.7,1.6,381.0,397.0,390.0,50.8%,1168
32K554,All City Leadership Secondary School,Brooklyn,K554,321 Palmetto Street,Brooklyn,NY,11237,40.69741,-73.91315,718-246-6500,7:45 AM,2:30 PM,358.0,1.7,14.6,77.0,6.2,467.0,446.0,448.0,85.0%,1361
32K549,Bushwick School for Social Justice,Brooklyn,K480,400 Irving Avenue,Brooklyn,NY,11237,40.69696,-73.91082,718-381-7100,8:15 AM,3:00 PM,405.0,2.5,20.5,76.0,0.5,365.0,357.0,357.0,50.0%,1079
32K403,Academy for Environmental Leadership,Brooklyn,K480,400 Irving Avenue,Brooklyn,NY,11237,40.69696,-73.91082,718-381-7100,8:00 AM,3:00 PM,340.0,1.5,19.4,77.1,1.8,365.0,366.0,348.0,71.3%,1079
32K552,Academy of Urban Planning,Brooklyn,K480,400 Irving Avenue,Brooklyn,NY,11237,40.69696,-73.91082,718-381-7100,8:15 AM,3:45 PM,279.0,0.7,23.3,73.8,0.7,392.0,374.0,379.0,41.9%,1145
13K499,ACORN Community High School,Brooklyn,K909,561 Grand Avenue,Brooklyn,NY,11238,40.67851,-73.96207,718-789-2258,8:15 AM,3:15 PM,504.0,1.6,83.5,12.9,1.0,379.0,395.0,385.0,61.3%,1159
25Q460,Flushing High School,Queens,Q460,35-01 Union Street,Flushing,NY,11354,40.76524,-73.82786,718-888-7500,8:51 AM,3:37 PM,2186.0,3.7,23.7,51.1,20.3,444.0,407.0,405.0,46.1%,1256
25Q281,East-West School of International Studies,Queens,Q237,46-21 Colden Street,Flushing,NY,11355,40.7493,-73.82181,718-353-0009,7:50 AM,3:00 PM,666.0,5.3,14.9,18.3,60.7,521.0,457.0,451.0,89.4%,1429
25Q263,Flushing International High School,Queens,Q189,144-80 Barclay Avenue,Flushing,NY,11355,40.76041,-73.81838,718-463-2348,8:40 AM,3:30 PM,437.0,2.5,2.5,38.4,55.6,481.0,323.0,323.0,67.7%,1127
25Q285,World Journalism Preparatory (College Board),Queens,Q025,34-65 192nd Street,Flushing,NY,11358,40.76512,-73.79006,718-461-2219,8:00 AM,3:00 PM,610.0,50.3,9.1,22.7,15.8,484.0,491.0,487.0,89.2%,1462
26Q495,Bayside High School,Queens,Q405,32-24 Corporal Kennedy Street,Bayside,NY,11361,40.77187,-73.78039,718-229-7600,8:00 AM,3:30 PM,3336.0,18.1,13.0,27.9,40.3,523.0,479.0,485.0,76.7%,1487
26Q415,Benjamin N. Cardozo High School,Queens,Q415,57-00 223rd Street,Oakland Gardens,NY,11364,40.75239,-73.75608,718-279-6500,9:00 AM,4:00 PM,3505.0,14.9,20.3,19.4,44.1,563.0,505.0,510.0,75.6%,1578
26Q430,Francis Lewis High School,Queens,Q430,58-20 Utopia Parkway,Fresh Meadows,NY,11365,40.74056,-73.79285,718-281-8200,8:30 AM,3:15 PM,4172.0,14.9,7.4,23.1,53.9,562.0,483.0,485.0,80.7%,1530
25Q252,Queens School of Inquiry,Queens,Q168,158-40 76th Road,Fresh Meadows,NY,11366,40.72452,-73.80943,718-380-6929,8:38 AM,2:57 PM,557.0,19.2,19.5,21.8,36.2,516.0,493.0,486.0,88.2%,1495
25Q670,Robert F. Kennedy Community High School,Queens,Q707,75-40 Parsons Boulevard,Fresh Meadows,NY,11366,40.7256,-73.81072,718-969-5510,8:00 AM,2:30 PM,701.0,18.3,13.0,35.5,31.2,460.0,426.0,423.0,67.3%,1309
25Q425,John Bowne High School,Queens,Q425,63-25 Main Street,Flushing,NY,11367,40.7387,-73.82479,718-263-1919,9:08 AM,3:47 PM,3667.0,4.5,18.4,46.0,29.4,467.0,422.0,425.0,62.1%,1314
25Q525,Townsend Harris High School,Queens,Q515,149-11 Melbourne Avenue,Flushing,NY,11367,40.73441,-73.82142,718-575-5580,8:20 AM,3:00 PM,1132.0,21.9,6.3,11.6,58.6,680.0,640.0,661.0,97.1%,1981
24Q550,High School for Arts and Business,Queens,Q456,105-25 Horace Harding Expressway,Corona,NY,11368,40.73742,-73.85331,718-271-8383,8:45 AM,4:00 PM,870.0,4.1,7.8,77.2,10.2,413.0,405.0,393.0,76.7%,1211
24Q293,Civic Leadership Academy,Queens,Q744,45-10 94th Street,Elmhurst,NY,11373,40.7433,-73.87057,718-271-1487,8:30 AM,3:30 PM,479.0,5.6,7.9,71.8,9.8,435.0,424.0,418.0,68.9%,1277
24Q585,Maspeth High School,Queens,Q585,54-40 74th Street,Elmhurst,NY,11373,40.72954,-73.88739,718-803-7100,8:15 AM,3:05 PM,973.0,35.8,2.0,44.6,17.5,476.0,471.0,480.0,90.0%,1427
24Q296,Pan American International High School,Queens,Q744,45-10 94th Street,Elmhurst,NY,11373,40.7433,-73.87057,718-271-3602,8:30 AM,3:15 PM,378.0,0.0,0.0,99.7,0.3,340.0,320.0,318.0,31.9%,978
24Q455,Newtown High School,Queens,Q455,48-01 90th Street,Elmhurst,NY,11373,40.74121,-73.87473,718-595-8400,8:00 AM,3:30 PM,1921.0,4.3,8.3,61.4,24.0,434.0,401.0,389.0,39.1%,1224
28Q440,Forest Hills High School,Queens,Q440,67-01 110th Street,Forest Hills,NY,11375,40.72943,-73.84563,718-268-3137,,,3840.0,30.0,9.6,33.8,24.6,517.0,485.0,483.0,72.8%,1485
28Q686,Queens Metropolitan High School,Queens,Q686,91-30 Metropolitan Avenue,Forest Hills,NY,11375,40.71044,-73.85063,718-286-3600,8:00 AM,2:50 PM,1035.0,35.7,4.2,46.9,11.0,460.0,448.0,449.0,76.4%,1357
24Q485,Grover Cleveland High School,Queens,Q485,21-27 Himrod Street,Ridgewood,NY,11385,40.71122,-73.90865,718-381-9600,8:30 AM,3:15 PM,1828.0,18.9,4.5,65.7,9.7,452.0,422.0,416.0,38.9%,1290
29Q498,Humanities and Arts Magnet High School,Queens,Q490,207-01 116th Avenue,Cambria Heights,NY,11411,40.69554,-73.73492,718-978-2135,8:00 AM,2:45 PM,525.0,1.1,81.0,11.8,5.5,384.0,409.0,401.0,60.2%,1194
29Q492,"Mathematics, Science Research, and Technology Magnet High School",Queens,Q490,207-01 116th Avenue,Cambria Heights,NY,11411,40.69554,-73.73492,718-978-1837,8:00 AM,2:25 PM,433.0,1.6,72.3,11.8,9.9,380.0,418.0,388.0,54.9%,1186
29Q259,Pathways College Preparatory School (College Board),Queens,Q192,109-89 204th Street,Saint Albans,NY,11412,40.70639,-73.75353,718-454-4957,8:00 AM,3:07 PM,599.0,1.3,89.7,5.7,2.8,405.0,427.0,409.0,72.4%,1241
29Q265,Excelsior Preparatory High School,Queens,Q420,143-10 Springfield Boulevard,Springfield Gardens,NY,11413,40.66823,-73.75684,718-525-6507,8:10 AM,3:07 PM,491.0,1.2,82.7,9.2,3.7,384.0,407.0,400.0,70.1%,1191
29Q283,Preparatory Academy for Writers (College Board),Queens,Q420,143-10 Springfield Boulevard,Springfield Gardens,NY,11413,40.66823,-73.75684,718-949-8405,8:00 AM,3:05 PM,552.0,2.4,81.0,8.4,4.2,398.0,410.0,393.0,69.5%,1201
29Q248,Queens Preparatory Academy,Queens,Q420,143-10 Springfield Boulevard,Springfield Gardens,NY,11413,40.66823,-73.75684,718-712-2304,8:10 AM,2:57 PM,492.0,1.0,80.7,9.1,4.3,423.0,422.0,403.0,83.7%,1248
29Q272,George Washington Carver High School for the Sciences,Queens,Q420,143-10 Springfield Boulevard,Springfield Gardens,NY,11413,40.66823,-73.75684,718-525-6439,8:00 AM,3:15 PM,509.0,1.8,75.6,11.4,9.4,439.0,428.0,419.0,63.5%,1286
27Q650,"High School for Construction Trades, Engineering, and Architecture",Queens,Q650,94-06 104th Street,Ozone Park,NY,11416,40.6894,-73.84064,718-846-6280,8:10 AM,2:34 PM,959.0,12.3,10.7,35.6,35.5,489.0,457.0,451.0,78.9%,1397
27Q480,John Adams High School,Queens,Q480,101-01 Rockaway Boulevard,Ozone Park,NY,11417,40.67983,-73.83832,718-322-0500,8:00 AM,3:30 PM,2634.0,2.9,23.9,37.9,31.0,418.0,401.0,395.0,38.4%,1214
27Q308,Robert H. Goddard High School of Communication Arts and Technology,Queens,Q202,138-30 Lafayette Street,Ozone Park,NY,11417,40.67177,-73.84498,718-848-8357,7:25 AM,2:15 PM,602.0,17.6,7.3,41.7,29.4,426.0,435.0,424.0,85.1%,1285
27Q475,Richmond Hill High School,Queens,Q475,89-30 114th Street,Richmond Hill,NY,11418,40.69565,-73.83358,718-846-3335,8:00 AM,3:00 PM,2175.0,5.4,13.6,48.2,31.4,413.0,406.0,399.0,37.9%,1218
29Q326,Cambria Heights Academy,Queens,Q799,188-04 91st Avenue,Hollis,NY,11423,40.71182,-73.77119,718-776-2815,9:00 AM,4:00 PM,372.0,2.2,79.0,9.1,6.7,418.0,424.0,411.0,58.5%,1253
26Q566,"Queens High School of Teaching, Liberal Arts, and the Sciences",Queens,Q566,74-20 Commonwealth Boulevard,Bellerose,NY,11426,40.7449,-73.72691,718-736-7100,8:30 AM,3:30 PM,1120.0,8.4,48.1,17.5,24.8,453.0,434.0,439.0,72.4%,1326
26Q435,Martin Van Buren High School,Queens,Q435,230-17 Hillside Avenue,Queens Village,NY,11427,40.73282,-73.73965,718-776-4728,7:45 AM,3:14 PM,1742.0,3.6,52.7,13.0,27.0,397.0,396.0,391.0,40.0%,1184
28Q680,Queens Gateway to Health Sciences Secondary School,Queens,Q695,160-20 Goethals Avenue,Jamaica,NY,11432,40.71881,-73.8065,718-969-3155,8:00 AM,2:30 PM,779.0,2.9,38.2,14.2,43.3,524.0,511.0,514.0,92.5%,1549
28Q350,Jamaica Gateway to the Sciences,Queens,Q470,167-01 Gothic Drive,Jamaica,NY,11432,40.71358,-73.79652,718-480-2689,8:15 AM,3:00 PM,516.0,2.3,42.6,10.9,40.7,487.0,460.0,463.0,78.6%,1410
28Q328,High School for Community Leadership,Queens,Q470,167-01 Gothic Drive,Jamaica,NY,11432,40.71358,-73.79652,718-558-9801,9:00 AM,3:45 PM,418.0,4.5,42.3,26.6,22.7,415.0,392.0,386.0,72.3%,1193
28Q896,Young Women's Leadership School in Queens,Queens,Q680,150-91 87th Road,Jamaica,NY,11432,40.70821,-73.80408,718-725-0402,8:00 AM,2:57 PM,557.0,1.9,47.5,19.7,26.9,415.0,420.0,433.0,90.4%,1268
28Q310,Queens Collegiate (College Board),Queens,Q470,167-01 Gothic Drive,Jamaica,NY,11432,40.71358,-73.79652,718-658-4016,8:15 AM,3:00 PM,661.0,4.1,53.4,16.1,24.8,455.0,439.0,441.0,74.8%,1335
28Q505,Hillcrest High School,Queens,Q505,160-05 Highland Avenue,Jamaica,NY,11432,40.70876,-73.80213,718-658-5407,8:00 AM,3:30 PM,3286.0,3.8,30.3,28.8,34.5,448.0,432.0,426.0,51.8%,1306
28Q620,Thomas A. Edison Career and Technical Education High School,Queens,Q620,165-65 84th Avenue,Jamaica,NY,11432,40.71588,-73.79882,718-297-6580,8:00 AM,3:30 PM,2098.0,4.2,20.9,22.4,49.0,514.0,473.0,470.0,80.0%,1457
28Q325,Hillside Arts and Letters Academy,Queens,Q470,167-01 Gothic Drive,Jamaica,NY,11432,40.71358,-73.79652,718-658-1249,8:15 AM,3:00 PM,464.0,3.0,37.7,24.4,27.8,409.0,399.0,404.0,62.6%,1212
28Q284,York Early College Academy,Queens,Q008,108-35 167th Street,Jamaica,NY,11433,40.69694,-73.78698,718-262-8547,8:00 AM,3:00 PM,611.0,1.2,58.0,10.3,28.7,496.0,481.0,473.0,92.9%,1450
28Q687,Queens High School for the Sciences at York College,Queens,Q774,94-50 159th Street,Jamaica,NY,11433,40.701,-73.79815,718-657-3181,8:00 AM,3:18 PM,426.0,6.1,7.0,10.6,75.4,701.0,621.0,625.0,97.9%,1947
28Q690,High School for Law Enforcement and Public Safety,Queens,Q690,116-25 Guy R Brewer Boulevard,Jamaica,NY,11434,40.68618,-73.78408,718-977-4800,8:00 AM,3:00 PM,604.0,1.8,66.4,18.9,10.4,410.0,431.0,409.0,56.6%,1250
27Q400,August Martin High School,Queens,Q400,156-10 Baisley Boulevard,Jamaica,NY,11434,40.67553,-73.78343,718-528-2920,8:00 AM,3:30 PM,679.0,1.5,75.4,13.0,7.5,366.0,372.0,364.0,26.3%,1102
27Q260,Frederick Douglass Academy VI High School,Queens,Q465,8-21 Bay 25th Street,Far Rockaway,NY,11691,40.60199,-73.76283,718-471-2154,7:45 AM,2:05 PM,409.0,0.7,59.7,37.9,1.5,410.0,418.0,407.0,30.1%,1235
27Q309,Academy of Medical Technology (College Board),Queens,Q465,8-21 Bay 25th Street,Far Rockaway,NY,11691,40.60199,-73.76283,718-471-3571,8:00 AM,3:15 PM,637.0,2.7,50.1,37.7,6.6,422.0,424.0,415.0,67.6%,1261
27Q302,"Queens High School for Information, Research, and Technology",Queens,Q465,8-21 Bay 25th Street,Far Rockaway,NY,11691,40.60199,-73.76283,718-868-2978,7:45 AM,4:10 PM,381.0,2.1,49.1,43.6,4.2,372.0,362.0,352.0,44.6%,1086
27Q324,Rockaway Park High School for Environmental Sustainability,Queens,Q410,100-00 Beach Channel Drive,Rockaway Park,NY,11694,40.58601,-73.82309,718-734-3280,8:45 AM,3:30 PM,368.0,14.7,46.7,30.2,3.5,357.0,381.0,376.0,38.5%,1114
27Q262,Channel View School for Research,Queens,Q410,100-00 Beach Channel Drive,Rockaway Park,NY,11694,40.58601,-73.82309,718-634-1970,8:15 AM,3:04 PM,683.0,10.7,53.2,29.1,6.0,427.0,430.0,423.0,76.6%,1280
27Q351,Rockaway Collegiate High School,Queens,Q410,100-00 Beach Channel Drive,Rockaway Park,NY,11694,40.58601,-73.82309,718-734-3290,8:30 AM,4:20 PM,397.0,3.8,52.6,33.5,5.0,399.0,403.0,405.0,46.5%,1207
27Q323,Scholars' Academy,Queens,Q180,320 Beach 104th Street,Rockaway Park,NY,11694,40.58413,-73.82568,718-474-6918,8:45 AM,3:00 PM,1302.0,34.7,22.7,19.6,21.4,588.0,560.0,568.0,99.2%,1716
